NUM,ID,Name,Cite,Lon,Lat,Type1,Type2,Type,1980,1981,1982,1983,1984,1985,1986,1987,1988,1989,1990,1991,1992,1993,1994,1995,1996,1997,1998,1999,2000,2001,2002,2003,2004,2005,2006,2007,2008,2009,2010,2011,2012,2013,2014,2015,2016,2017,2018,2019,2020,2021,2022,2023,2024
26,1,河北宣化传统葡萄园,河北省张家口市宣化区春光乡,115.061,40.655,林业和林果系统,Forestry and forestry products system,FFPS,21.3,53.9,209.4,135.3,38.7,103.100006,87.4,106.8,117.200005,23.3,86.0,52.9,23.1,21.6,145.4,282.90002,40.7,51.7,70.0,57.300003,81.0,28.4,83.9,50.9,57.8,49.699997,67.0,50.0,54.699997,21.7,174.1,21.5,216.90001,54.699997,21.6,27.2,124.0,140.90001,25.0,83.7,104.7,88.7,162.0,71.50156,159.15288
27,2,内蒙古敖汉旱作农业系统,内蒙古赤峰市敖汉旗宝国吐乡,119.916,42.289,旱作农业系统,Dryland farming system,DFS,30.4,108.2,69.8,126.3,197.1,121.6,185.2,78.0,55.0,106.299995,125.5,276.40002,56.699997,174.4,360.8,175.0,109.399994,117.2,173.8,132.5,53.5,52.0,198.59999,52.9,99.7,88.600006,53.2,225.59999,166.1,26.9,102.7,84.6,282.0,74.899994,78.3,41.2,116.5,177.79999,23.4,97.7,125.4,221.0,180.40001,82.90497,148.13638
28,3,辽宁鞍山南果梨栽培系统,辽宁省鞍山市千山区大孤山镇对桩石村,123.046,41.009,林业和林果系统,Forestry and forestry products system,FFPS,122.4,133.8,168.2,254.4,123.3,392.90002,216.1,257.7,309.59998,143.8,165.8,208.3,138.20001,132.90001,563.4,594.1,334.6,199.2,131.4,129.1,39.5,187.79999,98.100006,141.0,86.2,243.0,243.4,248.19998,259.3,151.6,329.8,250.4,562.60004,354.0,41.6,126.899994,192.29999,37.8,186.0,138.5,356.6,273.2,362.5,337.10773,393.35913
29,4,辽宁宽甸柱参传统栽培体系,辽宁省丹东市宽甸满族自治县振江镇石柱子村,125.405,40.767,中药材花卉系统,Chinese medicinal herb and flower system,CMHFS,36.7,404.0,366.5,106.0,242.9,312.69998,326.3,296.2,202.1,223.20001,526.5,148.5,327.90002,48.0,190.70001,392.09998,305.1,133.2,506.1,135.0,128.4,223.1,204.7,159.6,280.4,308.1,207.9,449.20004,264.2,245.1,265.4,295.5,397.8,448.9,107.7,225.1,252.9,43.1,284.3,136.8,424.0,206.9,434.0,285.73584,540.10834
30,5,江苏兴化垛田传统农业系统,江苏省泰州市兴化市垛田镇,119.856,32.932,土地利用系统,Land use system,LUS,429.2,466.90002,293.90002,440.8,470.3,337.3,272.0,711.8,218.9,187.29999,441.99997,928.80005,247.79999,375.9,266.0,180.7,333.7,220.39998,244.40001,216.6,403.5,97.600006,217.7,404.9,48.5,175.7,239.7,180.9,155.90001,229.8,180.5,312.5,170.0,48.6,346.0,391.80002,690.0,474.30005,280.4,44.9,324.2,399.6,234.0,215.05576,218.20331
31,6,浙江青田稻鱼共生系统,浙江青田县方山乡龙现村,120.304,27.995,复合农业生产系统,Comprehensive agricultural production system,CAPS,429.30002,394.8,749.8,475.5,613.2999,488.00003,292.8,461.5,505.5,502.8,885.5,159.29999,837.5,602.80005,874.80005,472.6,395.5,755.89996,683.6,714.4,686.3,477.7,421.3,213.70001,458.69998,992.7,881.60004,537.7,681.4,620.6,793.3999,289.6,373.59998,866.0,565.0,850.10004,486.8,373.2,235.59999,639.60004,380.3,595.6,360.6,388.50604,915.0643
32,7,浙江绍兴会稽山古香榧群,浙江绍兴市柯桥区稽东镇,120.576,29.775,林业和林果系统,Forestry and forestry products system,FFPS,285.9,265.7,371.8,800.8,396.3,277.2,301.7,273.09998,629.7,949.0,398.19998,121.8,787.3,564.0,533.7,651.2,179.70001,579.4,481.0,454.7,378.6,93.7,240.20001,46.2,256.19998,425.8,159.1,286.7,160.2,462.40002,311.59998,205.4,289.5,339.59998,511.39996,782.0,408.90002,346.59998,97.8,465.80002,669.3,725.0,360.7,211.21407,397.63068
33,8,福建福州茉莉花种植与茶文化系统,福建省福州市闽侯县上街镇侯官村,119.187,26.1,茶文化系统,Tea culture system,TCS,313.69998,571.9,564.69995,511.30005,397.0,481.3,405.3,241.6,366.09998,187.79999,966.7,237.0,643.1,463.89996,573.2,278.69998,520.7,407.0,410.4,270.8,363.2,411.3,412.89996,185.4,458.59998,742.5,892.2,555.69995,449.1,443.4,360.3,466.90002,573.80005,461.5,295.1,1008.10004,777.9,645.4,442.7,378.7,143.59999,506.2,658.69995,605.7611,667.9772
34,9,福建尤溪联合梯田,福建省三明市尤溪县联合镇,118.227,26.373,稻作农业系统,Rice farming system,RFS,368.0,308.0,226.3,501.00003,303.9,265.4,329.69998,418.5,299.09998,344.0,362.09998,120.7,474.19998,254.7,427.20004,560.2,535.7,294.0,282.4,356.0,316.80002,206.5,328.9,34.3,251.40001,502.90002,423.5,447.6,453.6,297.2,417.7,168.5,281.3,394.1,419.5,383.80002,379.2,354.9,242.20001,301.6,83.6,315.59998,269.3,149.05591,471.30383
35,10,江西万年稻作文化系统,江西万年县裴梅镇荷桥村山区,117.132,28.604,稻作农业系统,Rice farming system,RFS,411.8,552.10004,641.10004,1116.3,606.1,481.4,452.2,512.69995,372.50003,1065.5,486.7,66.2,1072.3,678.69995,757.10004,1435.8999,505.0,527.2,1592.0001,658.1,545.8,338.09998,683.0,269.5,306.0,562.80005,366.0,332.5,399.8,303.9,689.9,318.2,678.5,201.1,481.40002,677.9,469.3,412.0,295.3,738.3,715.0,504.2,593.89996,442.29135,516.7326
36,11,湖南新化紫鹊界梯田,湖南省娄底市新化县水车镇,110.992,27.679,稻作农业系统,Rice farming system,RFS,588.4,231.7,488.0,433.0,527.4,224.4,552.80005,568.1,638.8,629.30005,797.2001,643.1,465.4,1148.0001,422.5,761.39996,742.00006,473.09998,553.4,864.30005,320.7,418.99997,806.9,498.7,689.60004,286.3,271.69998,180.2,411.6,543.8,454.2,290.6,499.8,529.3,490.90002,309.69998,770.7,544.5,123.0,433.3,511.1,516.10004,402.5,371.8457,561.7159
37,12,云南红河哈尼稻作梯田系统,云南红河州哀牢山区,103.373,23.366,稻作农业系统,Rice farming system,RFS,104.2,407.6,155.9,308.6,308.5,441.1,312.6,87.5,174.7,402.80002,276.4,383.59998,310.0,283.8,316.1,107.5,503.50003,289.1,141.8,176.6,87.7,274.6,329.19998,347.4,139.0,248.0,371.0,172.2,380.60004,216.5,233.09998,144.1,397.7,268.90002,310.0,293.9,273.8,389.30002,324.40002,273.59998,248.7,475.2,322.80002,411.8036,411.84412
38,13,云南普洱古茶园与茶文化系统,云南普洱市惠民乡景迈村,99.996,22.218,茶文化系统,Tea culture system,TCS,400.6,169.1,422.19998,421.5,209.6,367.8,33.5,353.90002,356.09998,311.0,208.5,416.2,429.8,390.5,338.3,599.3,280.10004,219.9,192.3,127.0,357.4,295.3,306.5,118.600006,288.3,102.9,288.7,191.8,374.80002,268.5,123.6,81.600006,478.40002,253.69998,286.4,471.1,148.0,400.9,183.4,143.2,222.09999,253.99998,360.4,230.58078,570.82697
39,14,贵州从江侗乡稻鱼鸭系统,贵州从江县加榜乡加车村,108.573,25.59,复合农业生产系统,Comprehensive agricultural production system,CAPS,465.19998,516.1,391.29996,403.8,349.09998,291.4,603.6,407.9,534.6,297.4,946.7,597.89996,421.69998,876.0,747.4,414.1,796.5,563.3,479.30002,676.19995,352.4,364.5,829.2,266.8,476.09995,242.09999,461.8,363.30002,434.7,370.1,446.7,385.9,357.5,565.8,156.3,425.3,658.39996,492.8,394.69998,443.4,457.5,273.0,354.2,172.09787,464.17004
40,15,陕西佳县古枣园,陕西省榆林市佳县朱家坬镇泥河沟村,110.494,38.187,林业和林果系统,Forestry and forestry products system,FFPS,96.5,105.899994,174.2,27.5,117.700005,253.00002,56.4,95.2,139.3,34.4,73.399994,263.90002,183.6,246.5,91.6,243.79999,237.30002,65.0,116.8,62.0,38.9,168.6,164.9,154.90001,118.7,86.600006,153.4,117.0,31.3,169.0,165.7,193.5,144.4,290.1,28.6,40.0,216.0,350.59998,204.59999,118.799995,122.4,169.1,395.5,135.4323,153.47032
41,16,甘肃皋兰什川古梨园,甘肃省兰州市皋兰县什川镇,104.005,36.152,林业和林果系统,Forestry and forestry products system,FFPS,24.6,29.9,13.7,105.7,50.1,99.700005,74.2,16.7,84.299995,40.5,57.4,45.5,40.4,35.3,106.799995,176.1,94.7,76.6,80.3,89.399994,110.7,77.5,18.6,92.3,19.2,55.899998,20.9,140.2,61.2,25.8,68.6,85.59999,85.100006,106.1,119.8,46.2,27.8,19.2,56.8,104.1,149.6,18.8,16.2,56.510406,101.38522
42,17,甘肃迭部扎尕那农林牧复合系统,甘肃省甘南藏族自治州迭部县益哇镇扎尕那行政村,103.19,34.239,复合农业生产系统,Comprehensive agricultural production system,CAPS,115.1,84.4,15.1,219.90001,186.4,181.70001,119.399994,78.3,227.6,189.4,296.2,135.8,250.90001,183.2,162.2,230.0,115.6,90.1,187.4,169.8,99.3,171.9,119.8,239.4,151.6,186.80002,134.7,158.8,164.7,168.8,155.09999,203.09999,203.9,316.8,209.40001,174.20001,79.9,51.2,214.6,197.0,286.6,141.9,145.6,54.07028,177.18079
43,18,新疆吐鲁番坎儿井农业系统,新疆维吾尔自治区吐鲁番市高昌区新城西门村,89.143,42.944,水利灌溉系统,Water irrigation system,WIS,10.4,12.6,8.3,10.2,26.3,9.8,13.2,9.0,12.3,8.3,10.5,19.6,15.0,13.3,8.5,10.1,10.8,10.2,12.9,23.599998,9.8,10.3,12.0,10.0,10.2,10.6,10.6,28.0,11.9,17.5,15.6,10.3,33.8,13.3,11.1,19.9,16.4,30.0,6.3,14.7,8.5,15.299999,11.5,9.165585,16.583645
44,19,天津滨海崔庄古冬枣园,天津市滨海新区大港太平镇崔庄村,117.233,38.629,林业和林果系统,Forestry and forestry products system,FFPS,206.8,279.6,173.3,218.2,83.0,276.6,156.0,103.1,157.8,97.6,43.6,123.799995,36.1,116.7,324.3,352.5,115.1,129.5,372.5,36.6,197.09999,100.3,32.1,259.6,168.6,190.20001,35.2,113.0,117.7,81.2,212.29999,166.90001,261.3,206.5,33.9,93.8,239.3,127.0,439.30002,225.4,106.7,302.09998,104.600006,86.97572,175.40735
45,20,河北宽城传统板栗栽培系统,河北省承德市宽城满族自治县铧尖镇,118.547,40.342,林业和林果系统,Forestry and forestry products system,FFPS,102.899994,203.70001,90.4,168.8,296.9,185.9,137.1,388.4,75.5,130.8,361.89996,274.2,148.9,118.100006,462.89996,311.69998,237.8,163.8,210.90001,41.5,121.3,208.7,73.899994,252.9,148.0,173.90001,81.899994,117.7,89.600006,34.1,179.9,153.0,345.5,107.700005,123.7,43.4,409.5,153.2,39.9,195.3,111.7,325.7,183.29999,119.49387,248.84854
46,21,河北涉县旱作梯田系统,河北省邯郸市涉县井店镇王金庄村,113.829,36.59,旱作农业系统,Dryland farming system,DFS,243.1,193.7,187.6,237.5,209.0,199.0,99.5,238.99998,319.0,106.6,229.30002,81.2,69.5,190.3,117.4,195.90001,306.2,78.100006,154.20001,143.79999,689.4,219.0,63.6,320.2,29.4,234.00002,174.0,173.90001,120.7,79.7,84.8,128.6,129.70001,142.20001,155.8,125.2,237.8,28.9,155.7,32.0,133.4,636.5,251.9,255.88916,29.058384
47,22,内蒙古阿鲁科尔沁草原游牧系统,内蒙古自治区赤峰市阿鲁科尔沁旗巴彦温都尔苏木,119.69,44.722,畜牧水产系统,Livestock and aquaculture system,LAS,96.6,194.1,25.3,82.7,190.4,135.1,144.29999,153.09999,132.09999,35.8,291.4,167.0,95.5,84.4,64.3,81.2,73.899994,98.8,234.0,31.6,20.3,97.799995,58.1,51.2,105.6,43.8,24.7,110.5,60.9,21.3,57.699997,129.6,166.6,88.100006,58.8,52.1,25.4,35.7,140.9,80.8,123.8,210.79999,143.1,49.89973,222.03517
48,23,浙江杭州西湖龙井茶文化系统,浙江省杭州市西湖区西湖街道龙井村,120.102,30.221,茶文化系统,Tea culture system,TCS,279.6,170.1,498.7,886.49994,349.80002,276.6,292.0,322.0,508.19998,645.3,410.8,132.7,748.0,414.3,378.7,900.6,249.2,676.89996,477.59998,838.4,287.09998,159.7,169.5,171.6,238.0,178.59999,130.1,501.5,241.50002,243.9,260.6,376.7,481.5,450.90002,490.7,792.30005,493.5,375.1,169.4,479.9,659.19995,677.39996,192.29999,239.65028,487.15918
49,24,浙江湖州桑基鱼塘系统,浙江省湖州市南浔区和孚镇荻港村,120.154,30.757,复合农业生产系统,Comprehensive agricultural production system,CAPS,388.9,330.0,330.5,756.9,363.7,376.4,441.3,387.6,251.90001,487.7,565.0,481.6,285.7,438.50003,307.80002,690.0,545.2,314.3,513.6,770.2999,202.4,408.89996,217.3,76.0,237.9,263.9,356.9,480.2,316.09998,273.4,412.5,476.90002,486.3,341.3,413.40002,284.8,475.5,187.70001,44.4,473.19998,561.2001,627.19995,278.59998,206.12299,786.7913
50,25,浙江庆元香菇文化系统,浙江省丽水市庆元县百山祖镇,119.18,27.738,复合农业生产系统,Comprehensive agricultural production system,CAPS,482.90002,259.1,531.10004,524.0,561.0,350.59998,412.3,311.8,496.6,644.89996,600.8,332.5,970.3,432.6,764.80005,599.60004,275.59998,434.9,475.3,442.0,591.60004,493.1,478.5,362.8,326.2,789.6,659.60004,229.7,404.5,503.09998,628.8,80.9,188.7,357.40002,562.1,686.5,440.8,590.2,250.20001,466.0,128.1,516.89996,297.1,296.19003,815.97034
51,26,福建安溪铁观音茶文化系统,福建省泉州市安溪县西坪镇,117.944,25.022,茶文化系统,Tea culture system,TCS,589.19995,589.0,493.99997,536.8,604.39996,454.2,314.1,431.59998,285.0,289.0,922.9,223.69998,793.89996,329.0,369.5,344.0,504.09998,536.6,383.8,386.0,571.2,319.3,191.29999,562.6,312.40002,432.59998,1062.4,600.3,521.5,457.4,370.3,437.1,324.7,815.6,260.4,545.8,692.3,529.4,274.2,235.79999,228.29999,218.5,475.6,617.53876,651.7846
52,27,江西崇义客家梯田系统,江西省赣州市崇义县上堡乡水南村,114.047,25.769,稻作农业系统,Rice farming system,RFS,606.19995,985.5,404.5,482.10004,588.8,274.19998,432.3,541.1,347.59998,361.7,538.0,502.0,619.8,431.50003,517.0,614.30005,519.6,660.6,552.1,334.3,429.2,348.20004,985.4,405.9,249.19998,252.70001,342.59998,468.0,292.9,177.1,540.10004,118.100006,606.4,401.7,291.59998,306.5,602.4,160.3,453.2,359.5,305.9,292.2,430.5,402.35812,746.91187
53,28,山东夏津黄河故道古桑树群,山东省德州市夏津县苏留庄镇,116.135,37.092,林业和林果系统,Forestry and forestry products system,FFPS,227.0,125.7,47.2,223.8,133.2,258.40002,100.5,204.1,172.8,80.8,277.4,55.7,100.8,389.59998,208.70001,186.9,242.9,109.8,172.90001,107.4,161.4,194.1,35.9,282.4,294.30002,145.70001,119.6,196.09999,103.1,260.2,279.1,77.2,170.0,35.1,79.8,34.2,123.799995,109.4,120.3,108.0,129.4,380.1,207.5,74.22451,245.08879
54,29,湖北赤壁羊楼洞砖茶文化系统,湖北省咸宁市赤壁市羊楼洞古镇,113.743,29.543,茶文化系统,Tea culture system,TCS,297.0,543.3,386.5,753.3,195.8,231.1,280.99997,441.5,580.5,555.10004,562.0,643.6,259.3,588.2,433.5,1032.1,764.7,247.4,1306.3,906.10004,379.5,248.7,620.9,492.09998,295.4,482.30002,230.1,177.7,154.9,182.0,446.4,142.5,145.20001,198.59999,480.8,471.6,758.19995,700.39996,202.6,132.79999,449.09998,344.19998,256.9,418.30112,577.32526
55,30,湖南新晃侗藏红米种植系统,湖南省怀化市新晃侗族自治县扶罗镇,109.138,27.191,稻作农业系统,Rice farming system,RFS,352.7,401.0,381.2,366.9,248.1,268.6,340.80002,499.3,693.89996,425.9,495.30002,631.1,499.2,290.6,547.7,435.3,667.7,523.3,474.09998,533.7,250.8,215.9,739.0,599.0,757.5,244.5,356.6,315.8,290.80002,251.1,358.69998,153.7,374.7,323.3,304.1,508.6,669.6,333.9,147.6,236.9,377.8,182.0,80.1,164.23894,379.71777
56,31,广东潮安凤凰单丛茶文化系统,广东省潮州市潮安区凤凰镇乌岽村,116.654,23.955,茶文化系统,Tea culture system,TCS,398.7,466.30002,345.19998,654.89996,611.8,465.90002,684.0,473.0,293.0,448.59998,942.3,372.2,809.9,352.99997,349.5,369.3,370.2,481.4,331.6,445.0,472.9,486.5,271.5,444.80002,205.2,555.2,1173.7,624.5,672.8,124.7,282.2,320.5,267.19998,424.3,289.1,289.3,461.5,300.5,364.0,234.79999,224.6,137.9,294.30002,304.5548,868.9209
57,32,广西龙胜龙脊梯田系统,广西桂林市龙胜各族自治县龙脊镇,110.068,25.735,稻作农业系统,Rice farming system,RFS,1066.3,1236.3,495.3,483.39996,669.89996,727.2,551.1,1019.0,440.4,761.1,1579.4,726.5,746.80005,1696.6,1707.3999,458.8,911.80005,890.39996,2065.7,1145.0,757.4,836.6,1153.2001,843.2001,722.9,494.1,558.4,234.3,582.3,352.2,1040.2001,55.7,339.40002,802.5,576.10004,920.80005,1074.1,266.8,345.8,785.0,682.8,475.7,607.9,552.96936,1400.1405
58,33,四川江油辛夷花传统栽培体系,四川省绵阳市江油市大康镇旱丰村,104.65,31.845,中药材花卉系统,Chinese medicinal herb and flower system,CMHFS,117.6,574.2,297.9,588.0,393.4,122.899994,65.0,373.6,275.9,243.90001,473.5,193.2,306.3,378.4,71.399994,255.0,238.9,135.6,987.0,149.4,258.0,602.2,94.7,422.7,202.5,153.1,38.4,536.5,366.5,277.90002,213.09999,342.4,433.30002,733.50006,195.6,386.8,147.1,92.4,592.7001,270.3,960.49994,524.69995,150.29999,40.245853,586.4623
59,34,云南广南八宝稻作生态系统,云南省文山州广南县八宝镇,105.432,23.746,稻作农业系统,Rice farming system,RFS,380.69998,282.9,207.90001,554.10004,245.7,322.4,565.19995,185.4,190.7,430.09998,521.19995,324.19998,316.09998,276.59998,731.4,174.0,536.4,332.69998,254.8,288.3,138.4,510.5,251.90001,282.80002,26.8,275.6,387.40002,192.3,886.5,151.8,351.3,236.90001,449.5,395.59998,554.4,495.8,350.5,285.8,380.3,222.59999,220.0,448.69998,384.9,221.4443,908.92285
60,35,云南剑川稻麦复种系统,云南省大理州剑川县剑湖周边金华镇,99.912,26.537,稻作农业系统,Rice farming system,RFS,101.899994,173.5,193.6,312.7,160.9,318.4,405.7,207.09999,166.79999,407.1,252.29997,440.3,265.1,137.6,143.59999,187.3,216.4,125.100006,213.09999,200.00002,258.9,236.4,191.1,218.0,166.99998,161.0,164.40001,236.59999,206.1,242.70001,277.0,199.3,212.6,131.6,268.5,211.4,358.3,192.09999,220.09999,130.09999,354.29996,92.100006,137.3,238.60762,330.32214
61,36,甘肃岷县当归种植系统,甘肃省定西市岷县梅川镇西坝村,104.024,34.574,中药材花卉系统,Chinese medicinal herb and flower system,CMHFS,177.9,95.899994,75.9,204.5,103.4,159.09999,223.40001,100.799995,151.7,195.0,298.2,47.5,184.6,210.20001,129.6,232.9,181.29999,153.0,167.5,92.5,154.6,230.0,104.8,207.7,156.4,198.2,242.40001,147.29999,129.9,37.7,150.9,121.6,217.20001,294.09998,216.30002,166.79999,72.90001,147.8,174.6,174.1,275.99997,144.3,88.700005,82.72865,178.72299
62,37,宁夏灵武长枣种植系统,宁夏回族自治区银川市灵武市东塔镇果园村,106.359,38.084,林业和林果系统,Forestry and forestry products system,FFPS,22.1,68.3,,61.3,50.0,116.1,19.8,97.3,61.2,48.6,20.5,21.0,67.3,43.2,49.2,117.2,99.700005,52.2,129.2,19.9,23.6,177.40001,188.79999,77.4,21.5,25.9,44.9,38.5,44.1,20.1,20.3,21.1,50.5,19.7,71.0,22.2,54.4,28.0,61.0,107.3,21.2,19.8,23.7,27.508015,124.20492
63,38,新疆哈密市哈密瓜栽培与贡瓜文化系统,新疆维吾尔自治区哈密市伊州区花园乡,93.476,42.747,蔬菜瓜果系统,Vegetable and fruit system,VFS,8.7,11.2,8.3,12.2,10.2,8.2,9.7,9.2,20.9,20.2,9.2,9.2,9.1,18.599998,7.9,31.2,18.3,8.4,20.7,10.4,9.3,10.7,19.6,11.8,8.9,26.5,9.4,18.2,12.9,9.0,8.7,18.3,11.3,14.2,9.6,10.9,8.9,11.4,35.300003,8.8,10.0,9.7,,8.2143545,9.835124
64,39,北京平谷四座楼麻核桃生产系统,北京市平谷区熊儿寨乡,117.128,40.284,林业和林果系统,Forestry and forestry products system,FFPS,36.8,145.79999,147.9,193.79999,291.09998,227.1,204.6,369.1,103.2,136.0,259.3,231.2,228.3,67.1,470.7,348.3,202.1,74.0,332.0,36.3,123.3,146.7,72.9,120.2,134.7,175.5,69.7,42.4,111.0,33.7,189.40001,219.1,236.3,184.4,64.600006,32.7,202.9,109.0,189.8,90.5,94.3,216.6,165.9,97.13286,335.73193
65,40,北京京西稻作文化系统,北京市海淀区上庄镇,116.209,40.095,稻作农业系统,Rice farming system,RFS,108.2,154.6,183.9,172.29999,169.8,43.2,293.2,126.6,142.5,199.0,394.3,101.6,87.4,33.7,334.2,201.09999,132.0,36.9,206.6,30.5,211.4,195.9,33.4,164.5,58.4,89.1,151.5,75.1,33.3,86.8,87.3,252.2,166.7,121.899994,44.9,80.399994,250.5,212.2,105.1,51.2,66.0,202.5,112.3,253.13547,407.18915
66,41,辽宁桓仁京租稻栽培系统,辽宁省本溪市桓仁满族自治县桓仁镇,125.31,41.302,稻作农业系统,Rice farming system,RFS,33.1,408.0,314.10004,238.6,181.6,286.1,486.80002,169.6,137.4,287.9,461.1,208.40001,353.4,35.3,282.6,466.4,525.0,162.1,409.80002,143.20001,127.0,167.4,161.20001,201.09999,166.6,273.1,451.6,523.10004,277.3,162.90001,299.4,194.70001,364.8,506.49997,83.5,161.0,117.299995,55.7,234.1,110.5,459.10004,319.7,466.09998,357.73022,722.2106
67,42,吉林延边苹果梨栽培系统,吉林省延边州龙井市老头沟镇小箕村,129.135,42.884,林业和林果系统,Forestry and forestry products system,FFPS,92.8,130.40001,160.0,130.5,163.79999,61.7,370.1,217.59999,298.7,366.7,232.9,243.09999,302.40002,108.9,296.1,434.5,147.7,136.1,185.0,133.9,308.19998,149.1,234.7,78.1,200.5,101.100006,94.899994,293.7,237.40001,110.0,186.4,55.5,202.6,260.9,72.1,270.5,248.4,110.4,403.0,126.9,384.0,150.1,336.59998,353.11487,134.38289
68,43,黑龙江抚远赫哲族鱼文化系统,黑龙江省佳木斯市抚远市抓吉赫哲族村,134.645,48.169,畜牧水产系统,Livestock and aquaculture system,LAS,171.4,445.0,206.9,195.79999,95.5,303.30002,80.8,234.40001,205.0,107.7,336.90002,266.7,209.5,74.7,456.40002,248.9,152.2,372.7,155.99998,216.6,177.2,49.9,125.3,52.3,78.0,90.2,196.9,207.6,108.5,279.59998,291.59998,251.1,181.1,127.6,173.3,135.40001,93.1,207.1,152.79999,461.0,228.40001,148.4,215.09999,34.34621,22.215607
69,44,黑龙江宁安响水稻作文化系统,黑龙江省牡丹江市宁安市渤海镇,129.162,44.119,稻作农业系统,Rice farming system,RFS,73.5,218.8,190.20001,174.2,96.9,141.4,315.8,232.8,164.4,221.40001,263.7,143.1,212.8,97.8,262.8,127.6,186.90001,85.5,202.29999,77.9,204.20001,135.7,141.4,45.1,108.8,176.30002,117.200005,272.4,184.49998,105.799995,205.3,19.7,219.9,273.4,42.1,222.59999,151.09999,129.7,218.3,220.59999,326.5,164.1,204.70001,229.76733,262.07764
70,45,江苏泰兴银杏栽培系统,江苏省泰州市泰兴市宣堡镇,119.989,32.298,林业和林果系统,Forestry and forestry products system,FFPS,178.9,392.80002,338.09998,463.4,431.8,176.5,441.99997,655.1,322.5,342.69998,640.0,658.7,335.59998,531.6,222.1,159.3,455.59998,117.8,265.2,415.3,349.5,212.9,346.9,290.19998,243.0,230.7,97.5,161.8,185.1,383.7,99.3,231.9,206.7,265.3,186.20001,767.60004,692.6,347.1,351.80002,106.0,362.3,351.59998,218.2,319.97647,555.328
71,46,浙江仙居杨梅栽培系统,浙江省台州市仙居县横溪程岙,120.431,28.769,林业和林果系统,Forestry and forestry products system,FFPS,188.8,156.7,651.89996,503.9,406.40002,313.80002,441.8,370.5,406.0,1096.9,526.6,88.3,831.89996,673.0,928.9,501.30002,248.5,752.5,786.39996,262.8,437.90002,303.2,238.59999,125.0,379.5,506.5,382.30002,267.59998,259.09998,560.7,656.3,170.7,521.9,434.8,468.09998,630.4,444.19998,162.3,290.8,666.89996,410.6,823.10004,554.6,336.5149,495.8485
72,47,浙江云和梯田农业系统:,浙江省丽水市云和县崇头镇,119.488,28.059,稻作农业系统,Rice farming system,RFS,331.40002,233.2,722.8,409.7,440.7,296.69998,319.4,315.09998,535.2,633.8,545.8,326.2,772.2,589.8,651.19995,481.5,239.6,535.3,926.0,469.80002,588.7,585.8,399.7,210.5,450.59998,867.39996,564.2999,209.2,351.0,427.1,543.10004,206.59999,230.1,510.8,565.69995,688.8,361.2,382.9,208.0,609.9,280.5,520.0,274.0,265.8589,589.8685
73,48,安徽寿县芍陂(安丰塘)及灌区农业系统,安徽省淮南市寿县安丰塘镇,116.674,32.327,水利灌溉系统,Water irrigation system,WIS,471.09998,369.2,300.6,531.2999,374.7,327.3,428.5,277.40002,190.6,410.39996,77.600006,884.6,115.2,280.40002,165.9,137.5,455.6,83.6,98.3,221.5,178.4,36.6,316.3,459.19998,224.00002,329.90002,83.6,252.79999,183.3,220.4,295.0,150.6,78.9,316.10004,270.59998,329.50003,361.5,282.80002,146.6,78.8,238.20001,234.70001,182.8,146.4284,316.2606
74,49,安徽休宁山泉流水养鱼系统,安徽省黄山市休宁县板桥乡,117.948,29.61,畜牧水产系统,Livestock and aquaculture system,LAS,498.7,379.3,330.8,1181.3,528.7,360.80002,491.30002,540.8,655.5,842.1,525.8,202.4,656.3,986.5,609.39996,1241.5001,628.4,836.3,700.10004,1380.0,317.5,150.6,741.80005,578.80005,343.2,329.4,157.6,212.9,300.69998,412.6,575.6,367.30002,538.5,371.4,405.80002,744.1001,416.3,516.1,197.70001,510.40002,622.0,414.3,377.7,231.716,612.9692
75,50,山东枣庄古枣林,山东省枣庄市山亭区店子镇,117.36,35.275,林业和林果系统,Forestry and forestry products system,FFPS,376.49997,86.5,118.3,139.1,160.8,168.70001,175.0,222.9,131.9,131.9,456.2,236.4,285.6,289.30002,126.9,331.6,264.7,84.5,429.40002,304.8,300.09998,119.200005,174.3,550.39996,306.3,379.4,90.7,343.49997,137.8,162.6,252.19998,261.0,153.4,169.40001,47.0,53.7,201.4,132.9,116.4,80.0,360.80002,350.69998,198.70001,183.32524,542.18353
76,51,山东乐陵枣林复合系统,山东省德州市乐陵市朱集镇,117.265,37.785,林业和林果系统,Forestry and forestry products system,FFPS,105.7,162.5,32.6,205.79999,93.6,126.0,131.1,247.4,173.20001,76.0,306.7,121.5,75.2,88.7,360.3,74.9,276.0,190.0,495.3,59.4,131.70001,61.0,35.2,274.0,164.9,38.9,146.29999,128.2,66.7,158.7,182.5,188.1,190.1,477.4,42.9,35.2,75.4,68.4,440.2,359.09998,51.7,337.0,309.9,35.682125,293.54605
77,52,河南灵宝川塬古枣林,河南省三门峡市灵宝市大王镇,111.018,34.658,林业和林果系统,Forestry and forestry products system,FFPS,204.70001,234.0,264.4,203.79999,280.2,150.9,75.1,318.2,161.6,115.399994,116.899994,69.7,316.1,209.90001,159.6,93.5,105.1,94.9,257.9,485.5,211.8,80.1,163.59999,282.7,108.7,153.4,83.3,359.1,106.299995,219.6,193.4,277.8,165.3,74.2,136.9,136.3,90.3,107.2,112.0,68.0,103.799995,354.59998,168.3,168.64267,500.1126
78,53,湖北恩施玉露茶文化系统,湖北省恩施土家族苗族自治州恩施市芭蕉侗族乡黄连溪村,109.363,30.087,茶文化系统,Tea culture system,TCS,520.30005,193.70001,718.1,923.7,472.5,208.6,396.90002,516.1,179.4,679.39996,389.59998,286.7,278.6,573.9,398.2,454.30002,651.2,197.1,719.1,716.60004,388.5,176.90001,602.80005,530.5,366.40002,232.19998,146.6,633.99994,423.0,339.8,400.80002,439.2,384.9,470.8,247.7,533.4,506.6,203.5,361.3,111.100006,649.80005,218.29999,163.3,323.9813,367.83777
79,54,广西隆安壮族“那文化”稻作文化系统,广西南宁市隆安县南圩镇,107.666,23.128,稻作农业系统,Rice farming system,RFS,479.7,683.7,551.6,375.2,429.5,451.5,589.7,430.3,452.1,193.0,402.4,287.0,468.6,537.8,616.4,609.39996,570.2,465.30002,339.1,361.3,394.4,1060.5,376.0,460.1,207.0,617.8,244.3,126.2,611.0,320.3,693.0,426.40002,620.80005,476.1,530.7,638.5,337.59998,303.3,345.09998,375.49997,309.69998,254.7,425.3,273.6475,519.2192
80,55,四川苍溪雪梨栽培系统,广元市苍溪县陵江镇,105.934,31.727,林业和林果系统,Forestry and forestry products system,FFPS,556.9,722.9,339.0,636.89996,498.9,298.7,283.09998,676.6,204.59999,431.2,469.40002,404.59998,709.10004,922.89996,171.9,428.6,418.90002,71.399994,918.9,353.39996,625.2,241.1,235.7,495.8,280.9,238.9,153.70001,609.6,235.2,351.0,223.3,670.8,502.9,235.9,299.2,455.40002,129.7,208.4,161.4,419.9,506.80002,601.4,354.3,289.0434,427.1709
81,56,贵州花溪古茶树与茶文化系统,贵州省贵阳市花溪区久安乡,106.587,26.52,茶文化系统,Tea culture system,TCS,427.80002,349.40002,382.1,307.1,382.2,253.0,395.80002,256.2,414.8,142.8,407.19995,363.6,290.3,189.5,305.0,184.6,526.3,419.8,299.2,568.5,228.20001,340.1,625.80005,332.40002,277.80002,268.9,258.69998,284.8,410.0,230.29999,383.40002,337.6,244.9,280.4,321.00003,408.5,318.90002,399.10004,215.1,364.59998,491.9,319.59998,252.7,259.42023,413.11942
82,57,云南双江勐库古茶园与茶文化系统,云南省临沧市双江县勐库,99.883,23.619,茶文化系统,Tea culture system,TCS,56.4,256.5,323.30002,590.7,303.7,334.3,400.30002,332.3,269.5,360.8,302.40002,246.5,341.8,186.0,201.20001,177.2,222.0,320.7,380.2,227.6,341.5,377.7,321.2,78.2,241.6,172.7,403.80002,272.09998,375.7,153.0,246.70001,107.00001,425.6,169.5,503.09998,465.5,374.19998,466.80002,529.10004,283.0,330.6,203.3,138.3,240.88312,239.6372
83,58,甘肃永登苦水玫瑰农作系统,甘肃省兰州市永登县苦水镇,103.431,36.272,中药材花卉系统,Chinese medicinal herb and flower system,CMHFS,21.8,35.4,15.0,69.2,34.8,89.1,91.4,13.4,89.6,33.2,39.0,16.7,67.0,42.2,176.2,124.6,52.600002,82.7,101.399994,73.8,81.3,58.0,109.1,75.0,31.8,69.5,21.2,104.9,82.9,34.9,90.200005,66.1,79.1,73.3,136.3,14.0,71.5,44.5,142.1,105.5,33.3,48.7,17.8,51.4366,68.75853
84,59,宁夏中宁枸杞种植系统,宁夏中卫市中宁县舟塔乡潘营村,105.605,37.48,中药材花卉系统,Chinese medicinal herb and flower system,CMHFS,18.5,50.1,19.6,19.3,52.1,228.40001,39.3,49.1,18.3,23.7,28.4,46.6,69.1,19.7,174.5,87.8,182.20001,25.5,130.1,42.699997,17.8,149.7,111.2,93.700005,19.2,26.9,40.7,69.1,18.5,23.0,44.0,25.2,42.9,19.1,49.5,38.9,22.8,29.6,108.0,83.2,53.4,36.7,24.1,17.848297,99.90137
85,60,新疆奇台旱作农业系统,新疆维吾尔自治区昌吉州奇台县东湾,89.386,43.963,旱作农业系统,Dryland farming system,DFS,11.6,26.2,10.8,15.4,90.100006,11.5,12.5,131.5,15.8,45.1,29.2,11.3,25.5,52.1,60.0,40.9,67.8,25.4,116.3,58.6,37.7,24.0,70.2,101.5,40.699997,99.799995,19.0,154.2,23.400002,16.4,14.2,11.7,14.3,51.4,26.8,82.899994,57.0,35.300003,28.1,25.4,10.4,57.4,19.9,11.798965,51.399284
86,61,河北迁西板栗复合栽培系统,河北省唐山市迁西县汉儿庄镇,118.216,40.365,林业和林果系统,Forestry and forestry products system,FFPS,136.5,190.4,86.7,173.3,325.6,190.79999,146.9,285.5,157.4,69.6,453.69998,193.0,134.6,44.6,436.3,327.2,305.90002,108.399994,227.2,34.6,127.799995,192.1,63.9,184.20001,153.3,157.5,80.3,32.5,79.0,31.0,155.20001,168.70001,300.2,157.09999,118.8,31.7,270.9,159.3,46.0,154.9,114.4,260.59998,166.8,37.003452,271.79788
87,62,河北兴隆传统山楂栽培系统,河北省承德市兴隆县六道河镇,117.32,40.397,林业和林果系统,Forestry and forestry products system,FFPS,147.4,172.4,78.5,196.1,296.0,237.70001,196.3,412.59998,103.700005,134.20001,320.09998,279.2,224.8,77.0,435.2,327.0,207.7,146.3,322.6,26.9,121.3,198.9,107.4,116.700005,143.70001,210.5,66.9,67.7,183.79999,37.4,204.9,216.1,257.6,250.40001,32.1,34.9,233.20001,145.5,193.1,101.5,106.0,206.5,203.0,74.13386,320.104
88,63,山西稷山板枣生产系统,山西省运城市稷山县稷峰镇,110.978,35.604,林业和林果系统,Forestry and forestry products system,FFPS,271.8,247.8,223.40001,240.0,168.19998,216.79999,26.1,131.5,93.600006,172.5,162.09999,92.7,183.7,99.7,113.100006,129.4,146.0,171.79999,187.1,182.79999,179.6,88.5,155.6,301.00003,102.2,162.3,27.3,65.0,30.5,61.2,129.5,285.4,59.4,132.2,200.1,63.9,133.3,66.600006,76.1,103.1,126.3,573.80005,218.0,89.58101,149.5388
89,64,内蒙古伊金霍洛农牧生产系统,内蒙古自治区鄂尔多斯市伊金霍洛旗伊金霍洛镇,109.795,39.342,复合农业生产系统,Comprehensive agricultural production system,CAPS,27.7,26.6,138.9,27.2,129.4,100.7,95.100006,223.2,312.9,69.3,169.69998,104.100006,164.3,22.4,100.3,288.5,188.59999,112.399994,100.700005,59.6,49.3,170.9,155.6,125.8,156.5,81.5,56.8,205.6,119.5,171.8,26.0,26.8,191.70001,158.8,80.1,57.8,214.5,151.8,174.7,116.8,26.8,25.0,261.3,57.24173,124.05279
90,65,吉林柳河山葡萄栽培系统,吉林省通化市柳河县柳河镇,125.732,42.288,林业和林果系统,Forestry and forestry products system,FFPS,159.6,357.8,196.2,247.30002,222.5,494.40005,447.8,336.09998,185.4,171.8,304.59998,189.6,229.8,31.0,277.90002,781.3,438.30002,158.4,292.1,166.99998,181.5,338.0,122.299995,89.5,276.09998,300.9,190.5,408.3,157.9,157.7,551.60004,100.0,284.4,372.19998,70.7,122.8,182.1,29.2,254.30002,177.4,478.90002,304.6,294.59998,322.5339,315.74493
91,66,江苏高邮湖泊湿地农业系统,江苏省扬州市高邮市界首镇,119.42,33.005,复合农业生产系统,Comprehensive agricultural production system,CAPS,439.1,462.89996,330.9,516.4,402.09998,362.1,311.6,711.0,214.0,243.4,255.5,985.19995,244.40001,315.1,195.40001,184.0,457.3,312.5,419.3,122.7,290.5,74.1,141.8,449.4,91.399994,250.3,196.29999,196.6,251.0,322.4,137.5,316.3,182.0,119.4,440.3,268.59998,554.4,414.69998,355.49997,42.3,155.1,394.0,197.0,217.32101,153.44754
92,67,江苏无锡阳山水蜜桃栽培系统,江苏省无锡市惠山区阳山镇,120.083,31.577,林业和林果系统,Forestry and forestry products system,FFPS,341.5,361.0,257.5,648.1,299.9,418.8,314.1,346.2,214.99998,416.3,564.6,572.4,300.80002,478.0,75.0,357.4,420.90002,229.9,427.0,814.2001,251.6,489.1,475.80005,233.69998,246.1,167.20001,75.6,131.6,327.59998,265.0,141.5,142.20001,195.29999,330.7,39.5,579.5,567.2,38.8,45.9,177.7,754.39996,298.5,282.59998,169.54672,494.07703
93,68,浙江德清淡水珍珠传统养殖与利用系统,浙江省湖州市德清县阜溪街道龙胜村,120.016,30.613,畜牧水产系统,Livestock and aquaculture system,LAS,498.5,341.90002,476.7,831.7,394.0,281.1,478.7,431.8,226.2,469.59998,529.6,401.69998,480.0,378.6,295.8,769.39996,446.1,430.3,514.3,955.6,239.29999,243.09999,118.600006,89.5,303.50003,277.1,302.59998,529.2999,310.2,233.0,379.5,447.90002,521.1,430.0,391.59998,480.09998,508.0,427.3,77.4,493.8,405.0,705.0,210.7,161.50662,706.5497
94,69,安徽铜陵白姜种植系统,安徽省铜陵市天门镇,117.835,30.834,蔬菜瓜果系统,Vegetable and fruit system,VFS,330.30002,217.09999,234.5,888.4,461.69998,383.00003,406.0,439.0,304.7,482.5,559.2,602.5,325.39996,313.80002,224.49998,626.5,591.5,93.7,552.7,1088.8,199.6,332.0,468.2,160.2,301.30002,223.3,278.2,505.6,417.8,170.7,571.1,396.99997,317.7,356.6,348.2,269.2,765.2999,146.2,129.1,322.4,646.1,293.19998,215.1,109.69159,409.37787
95,70,安徽黄山太平猴魁茶文化系统,安徽省黄山市黄山区新明乡猴坑村,118.197,30.371,茶文化系统,Tea culture system,TCS,496.59998,300.2,347.5,1130.4,353.5,336.5,554.19995,542.9,420.30002,638.8,551.5,579.6,548.4,651.6,425.0,996.0,726.80005,366.89996,745.89996,1294.2999,248.7,289.6,588.8,242.20001,427.7,183.90001,244.5,318.09998,372.4,431.09998,515.3,462.7,471.9,428.4,421.40002,530.60004,490.09998,365.30002,92.0,384.2,633.8,384.9,268.99997,216.48915,589.8399
96,71,福建福鼎白茶文化系统,福建省宁德市福鼎市点头镇,120.179,27.235,茶文化系统,Tea culture system,TCS,209.90001,477.40002,511.0,201.0,438.9,383.09998,236.1,505.4,850.30005,426.7,839.19995,247.40001,916.1,312.6,601.39996,424.6,512.2,686.39996,296.7,422.69998,567.60004,574.7,538.5,166.4,462.7,1146.0,836.9,649.7,808.0,555.0,247.7,273.1,377.40002,631.8,463.9,659.3,732.7,643.2,371.40002,469.49997,82.100006,564.1,355.0,576.1698,1059.8868
97,72,江西南丰蜜橘栽培系统,江西省抚州市南丰县琴城镇水南村,116.52,27.201,林业和林果系统,Forestry and forestry products system,FFPS,646.8,487.40002,297.90002,531.5,546.8,392.5,223.4,178.7,252.40001,347.9,536.89996,110.8,918.0,399.99997,722.3,810.80005,377.0,692.30005,312.80002,508.3,555.0,327.1,542.10004,259.90002,398.8,661.0,455.69998,283.90002,416.0,353.9,483.2,54.3,597.10004,204.29999,282.5,582.4,653.69995,219.1,256.4,440.8,91.7,239.4,289.59998,351.2511,655.1715
98,73,江西广昌莲作文化系统,江西省抚州市广昌县姚西村,116.298,26.545,蔬菜瓜果系统,Vegetable and fruit system,VFS,475.9,544.80005,211.6,530.0,394.9,434.80002,455.30002,237.5,499.19998,399.7,496.59998,130.29999,799.6,480.2,750.99994,695.3,630.3,440.1,375.6,283.9,432.4,549.8,421.0,160.0,193.8,623.3,545.6,453.0,564.30005,306.2,533.39996,168.6,499.9,95.0,75.7,233.49998,655.9,250.20001,300.4,339.1,89.8,158.1,280.7,165.2593,525.88184
99,74,山东章丘大葱栽培系统,山东省济南市章丘区绣惠街道王金村,117.481,36.83,蔬菜瓜果系统,Vegetable and fruit system,VFS,254.3,38.1,29.9,97.0,241.4,291.69998,156.5,239.7,94.9,108.7,254.1,281.4,272.5,266.3,144.9,441.99997,158.2,109.7,345.5,157.4,303.09998,281.5,102.100006,164.3,290.3,196.20001,43.1,247.09999,240.30002,232.70001,152.1,125.5,155.29999,177.4,119.2,65.0,62.5,187.5,163.5,400.49997,222.4,373.4,210.8,122.86606,260.82233
100,75,河南新安传统樱桃种植系统,河南省洛阳市新安县五头镇,112.225,34.765,林业和林果系统,Forestry and forestry products system,FFPS,259.8,186.2,533.2,142.2,300.69998,38.1,142.9,458.2,135.1,111.2,248.7,161.4,215.1,292.09998,105.3,167.8,255.9,38.4,326.0,329.69998,517.19995,106.9,115.8,298.7,83.5,87.5,54.6,244.8,157.9,142.9,320.80002,149.59999,174.7,63.9,39.0,179.8,77.3,33.6,60.2,147.4,113.9,586.30005,82.4,233.5283,226.39922
101,76,湖南新田三味辣椒种植系统,湖南省永州市新田县陶岭镇,112.328,25.739,蔬菜瓜果系统,Vegetable and fruit system,VFS,133.9,657.5,633.6,225.4,516.80005,330.90002,292.8,296.9,172.99998,296.09998,511.7,97.1,525.0,258.69998,846.7,284.7,418.4,499.30002,387.1,221.4,90.8,198.2,839.5,243.0,459.90002,219.59999,270.9,291.2,289.0,155.09999,260.9,86.600006,365.1,432.1,287.3,274.8,441.2,331.5,148.0,188.09999,84.3,237.1,241.7,342.5797,442.21848
102,77,湖南花垣子腊贡米复合种养系统,湖南省湘西土家族苗族自治州花垣县石栏镇子腊村,109.384,28.389,复合农业生产系统,Comprehensive agricultural production system,CAPS,537.0,281.6,412.4,484.0,271.5,190.1,616.3,526.8,597.5,729.6,634.1,789.5,495.40002,516.1,393.8,980.6,933.89996,368.4,742.4,842.7,442.7,277.40002,859.8,564.80005,631.19995,413.8,265.5,584.3,278.0,165.5,444.6,291.1,470.09998,518.80005,644.4,382.3,330.40002,527.3,82.600006,260.3,563.8,368.50003,276.30002,117.067,477.77914
103,78,广西恭城月柿栽培系统,广西桂林市恭城瑶族自治县莲花镇,110.871,24.731,林业和林果系统,Forestry and forestry products system,FFPS,903.6,1001.89996,904.4,791.19995,815.89996,657.69995,627.2,1082.6,621.1,330.69998,1134.9,294.4,1140.7999,594.5,1280.7999,392.90002,519.0,354.6,1423.2001,520.7,311.50003,394.80002,1104.0,389.0,306.0,417.3,742.2999,118.7,284.8,299.60004,993.8,163.2,332.5,920.9,261.5,416.8,1221.5,340.9,132.7,509.4,524.9,104.0,183.6,631.45514,1009.6116
104,79,海南海口羊山荔枝种植系统,海南省海口市西南部石山镇,110.205,19.938,林业和林果系统,Forestry and forestry products system,FFPS,321.2,173.40001,866.0,400.0,358.09998,549.5,585.6,65.2,822.19995,325.8,331.59998,203.4,393.50003,329.8,744.30005,508.8,463.5,441.1,122.4,333.6,633.7001,542.0,466.39996,385.7,432.1,403.4,234.59999,500.5,629.5,528.5,518.4,642.1,570.4,583.6,718.0,418.40002,662.49994,228.2,656.39996,380.3,268.5,306.8,593.8,505.61496,579.98956
105,80,海南琼中山兰稻作文化系统,海南省琼中黎族苗族自治县上安乡南万村,109.807,18.881,稻作农业系统,Rice farming system,RFS,510.9,365.09998,531.8,731.80005,352.00003,558.7,699.3,273.0,662.7,1131.0,1041.0,533.0,554.39996,158.5,629.0,675.39996,1001.6,226.09999,221.09999,377.3,935.4,656.4,428.19998,560.2,331.99997,643.69995,338.3,663.1,440.7,644.0,663.1,934.2,296.9,904.69995,624.8,544.10004,741.6,454.89996,505.5,404.89996,709.39996,400.0,608.3,451.7791,896.96606
106,81,重庆石柱黄连生产系统,重庆市石柱土家族自治县黄水镇,108.391,30.243,中药材花卉系统,Chinese medicinal herb and flower system,CMHFS,621.10004,265.9,737.6,948.0,617.3,389.5,483.9,614.5,311.00003,443.3,350.9,489.30002,322.09998,738.5,452.2,499.50003,928.5,436.0,594.5,641.6,616.4,146.7,447.09998,695.7999,516.1,238.4,107.299995,556.5,284.0,442.7,137.7,399.19998,363.09998,284.1,369.90002,366.2,465.1,283.5,363.69998,215.20001,415.8,527.9,234.6,565.74866,419.4914
107,82,四川盐亭嫘祖蚕桑生产系统,四川省绵阳市盐亭县金鸡镇,105.62,31.01,蚕桑系统,Silkworm system,SS,456.8,388.8,227.4,369.40002,429.49997,400.5,205.30002,481.30002,135.2,318.59998,296.3,351.00003,418.00003,540.0,159.3,320.3,388.39996,90.2,549.0,292.80002,479.50003,245.1,242.9,327.6,154.5,302.9,38.3,371.5,163.7,308.4,216.0,407.0,288.3,152.2,210.9,454.2,217.79999,232.4,229.40001,341.09998,515.7,257.2,344.3,419.53735,278.35214
108,83,四川名山蒙顶山茶文化系统,四川省雅安市名山区蒙顶山镇,103.092,30.072,茶文化系统,Tea culture system,TCS,274.30002,661.19995,476.40002,211.3,346.0,459.89996,278.69998,332.2,356.1,352.0,539.9,453.2,266.6,265.6,376.1,831.5,472.3,342.4,554.9,293.19998,456.7,309.1,206.8,191.4,270.8,505.1,231.99998,321.19998,263.4,397.5,567.2,195.0,215.40001,550.7,411.7,107.6,347.5,93.9,401.59998,340.1,621.39996,359.6,184.5,339.8725,396.26532
109,84,云南腾冲槟榔江水牛养殖系统,云南省保山市腾冲市猴桥镇,98.277,25.327,畜牧水产系统,Livestock and aquaculture system,LAS,410.9,663.0,439.8,1211.2999,609.2,866.9,838.5,830.0,504.4,644.7,1132.2001,1007.1,391.4,397.9,398.3,642.0,657.7001,574.19995,570.8,361.80002,462.8,411.90002,183.29999,256.5,508.59998,227.6,504.4,264.8,319.2,128.5,756.3,272.5,408.00003,121.0,119.700005,272.0,547.0,187.9,448.50003,291.0,228.4,154.1,81.7,227.01924,559.44836
110,85,陕西凤县大红袍花椒栽培系统,陕西省宝鸡市凤县双石铺镇十里店村,106.549,33.889,林业和林果系统,Forestry and forestry products system,FFPS,294.80002,578.10004,181.1,502.0,304.8,138.9,116.299995,310.2,243.70001,193.1,234.09999,59.199997,248.2,356.7,152.9,93.899994,154.0,197.8,488.30002,218.2,183.6,129.20001,92.6,278.0,66.5,153.30002,194.3,281.9,162.2,271.09998,307.9,515.3,266.6,291.4,209.6,146.9,45.2,133.0,252.80002,241.1,397.7,516.2,279.5,202.39847,310.84595
111,86,陕西蓝田大杏种植系统,陕西省西安市蓝田县华胥镇阿氏村,109.191,34.244,林业和林果系统,Forestry and forestry products system,FFPS,305.5,517.7,205.8,351.6,384.80002,111.6,251.9,319.59998,114.1,242.2,258.1,188.0,333.6,166.79999,275.3,76.1,159.8,116.5,408.09998,298.8,161.20001,115.0,27.9,405.0,89.0,247.6,93.0,326.8,55.1,387.4,210.1,368.59998,217.9,92.5,93.6,136.79999,74.3,76.4,141.3,248.70001,218.80002,361.8,196.49998,234.08633,487.29892
112,87,宁夏盐池滩羊养殖系统,宁夏回族自治区吴忠市盐池县花马池镇,107.388,37.791,畜牧水产系统,Livestock and aquaculture system,LAS,45.800003,91.0,21.6,71.0,125.3,144.2,24.0,110.0,76.3,76.9,74.2,23.1,61.899998,24.3,86.399994,312.0,84.7,69.5,75.7,21.3,25.6,277.09998,88.7,113.1,108.6,35.0,80.9,74.2,43.3,62.1,127.700005,32.2,45.6,60.7,42.4,49.8,54.2,21.7,55.300003,137.20001,84.7,98.9,128.2,28.85896,87.30394
113,88,新疆伊犁察布查尔布哈农业系统,新疆察布查尔县爱新舍里镇,80.798,43.8,水利灌溉系统,Water irrigation system,WIS,43.4,75.2,58.8,93.7,38.4,21.6,30.0,51.1,81.2,18.599998,71.7,9.2,45.4,67.4,87.8,36.0,54.1,23.8,88.0,120.799995,30.0,28.099998,74.3,59.2,101.5,39.100002,9.1,43.9,36.5,45.6,75.799995,39.5,8.7,10.1,100.4,51.8,102.49999,37.2,19.0,71.5,38.5,17.4,75.4,40.08127,102.69231
114,89,天津津南小站稻种植系统,天津市津南区小站镇会馆村,117.411,38.892,稻作农业系统,Rice farming system,RFS,138.9,276.8,193.70001,219.29999,140.7,349.3,169.70001,68.6,276.69998,89.7,113.5,154.8,36.3,140.70001,254.5,481.5,142.7,111.8,294.2,35.3,151.7,157.9,35.0,233.4,132.4,202.20001,34.7,115.899994,84.2,61.9,215.4,154.1,318.3,119.3,33.3,78.9,217.79999,92.5,433.90002,172.0,82.0,306.0,87.2,118.29442,245.86285
115,90,内蒙古乌拉特后旗戈壁红驼牧养系统,内蒙古自治区巴彦淖尔市乌拉特后旗获各琦苏木前达门嘎查,105.859,41.242,畜牧水产系统,Livestock and aquaculture system,LAS,16.0,45.4,,46.6,13.9,21.8,13.8,13.8,20.3,13.4,15.4,14.2,13.6,60.699997,29.2,55.9,120.3,29.0,51.0,38.3,17.6,14.4,22.9,13.3,20.5,13.8,21.3,,79.7,33.1,34.2,16.3,37.4,14.1,14.2,46.899998,45.9,13.2,31.3,27.9,37.6,14.0,17.3,13.595734,91.06668
116,91,辽宁阜蒙旱作农业系统,辽宁省阜新市阜新蒙古族自治县化石戈镇,121.103,42.05,旱作农业系统,Dryland farming system,DFS,64.7,103.8,99.2,97.399994,270.3,406.5,278.0,148.79999,50.2,68.0,119.1,180.09999,33.5,35.8,374.0,239.4,116.3,275.3,198.1,96.3,114.3,73.1,85.6,221.9,164.9,140.4,137.1,114.0,172.2,27.9,208.20001,105.7,204.5,151.9,83.8,49.7,153.2,101.7,86.6,172.2,137.4,279.7,317.0,113.97551,166.73595
117,92,江苏吴中碧螺春茶果复合系统,江苏苏州市吴中区东山镇,120.402,31.087,复合农业生产系统,Comprehensive agricultural production system,CAPS,442.2,311.40002,280.9,831.1,379.69998,464.2,418.59998,262.7,251.09999,493.8,529.69995,633.1,323.59998,418.5,254.6,783.6,582.9001,344.3,421.90002,821.9,282.5,666.1,280.3,157.4,380.00003,261.0,262.30002,317.3,344.4,321.4,277.5,439.7,398.5,228.6,302.90002,466.50003,497.89996,69.7,73.0,509.7,597.0,601.5,305.9,359.93488,673.78125
118,93,江苏宿豫丁嘴金针菜生产系统,江苏省宿迁市宿豫区丁嘴镇登山村,118.525,33.871,蔬菜瓜果系统,Vegetable and fruit system,VFS,390.90002,211.8,235.6,433.69998,324.69998,96.899994,340.1,559.4,332.90002,233.1,326.6,315.6,269.0,114.9,108.8,175.0,380.9,179.1,302.4,95.7,352.50003,100.0,134.4,588.1,90.0,596.4,260.7,542.5,101.5,151.7,141.6,174.0,145.59999,217.8,268.2,106.7,128.0,268.3,388.7,133.8,530.7,434.30002,40.2,246.95395,274.30392
119,94,浙江宁波黄古林蔺草-水稻轮作系统,浙江省宁波市海曙区古林镇,121.431,29.838,稻作农业系统,Rice farming system,RFS,178.8,383.1,446.10004,828.3999,371.19998,363.7,375.90002,359.9,366.7,821.3,408.8,133.8,767.89996,616.80005,560.60004,657.6,337.0,482.4,527.60004,321.5,338.1,211.20001,123.3,159.7,212.6,590.0,104.299995,402.7,296.5,499.3,430.9,238.70001,306.9,351.3,399.2,665.89996,385.4,514.1,317.0,447.6,558.7,769.7,606.30005,232.09715,515.1085
120,95,浙江安吉竹文化系统,浙江省湖州市安吉县昌硕街道双一村,119.727,30.573,林业和林果系统,Forestry and forestry products system,FFPS,539.19995,400.8,532.7,908.60004,412.09998,345.2,515.3,572.8,273.40002,468.1,665.0,495.10004,513.8,509.90002,400.7,829.19995,535.7999,452.90002,559.69995,1105.2999,219.09999,364.9,206.79999,118.9,379.69998,234.8,374.9,562.5,462.1,236.59999,487.70004,458.9,439.9,508.9,451.5,389.9,592.9,430.60004,78.2,554.10004,560.8,715.1,154.5,127.474594,770.1767
121,96,浙江黄岩蜜橘筑墩栽培系统,浙江省台州市黄岩区头陀镇断江村,121.163,28.628,林业和林果系统,Forestry and forestry products system,FFPS,108.5,267.90002,506.5,348.7,317.90002,475.30002,170.1,485.5,439.90002,703.7,929.6,173.2,831.1001,498.1,1009.9,385.7,383.30002,663.30005,948.3,486.5,712.2,408.8,295.1,82.6,641.1,857.1,525.0,549.2,389.9,634.5,500.3,246.2,472.89996,537.6,573.9,745.7,397.1,343.4,348.80002,613.3,189.79999,916.50006,529.9,410.92377,815.72723
122,97,浙江开化山泉流水养鱼系统,浙江省衢州市开化县何田乡,118.311,29.332,畜牧水产系统,Livestock and aquaculture system,LAS,540.5,499.0,245.70001,944.7001,447.90002,294.6,397.0,453.49997,589.80005,917.7,437.0,180.0,687.5,929.69995,589.7,1222.7001,442.4,694.9,759.7,945.69995,345.5,92.4,736.10004,275.6,312.1,408.19998,271.8,259.2,299.0,346.7,354.9,218.59999,556.7,379.9,282.3,802.89996,605.0,336.09998,45.3,487.0,434.09998,317.59998,514.6,392.9439,330.12875
123,98,江西泰和乌鸡林下养殖系统,江西省吉安市泰和县汪陂村,114.779,26.786,复合农业生产系统,Comprehensive agricultural production system,CAPS,575.60004,594.6,357.2,416.3,468.0,359.2,268.90002,337.9,411.59998,510.80002,384.59998,187.0,444.9,326.9,427.30002,350.3,524.7,575.8,317.3,339.0,212.7,310.69998,589.3,106.8,415.19995,559.0,139.7,381.10004,519.9,272.30002,282.2,93.4,545.3,292.9,232.09999,366.69998,488.10004,149.59999,299.59998,204.0,100.3,200.79999,257.5,130.6027,589.56946
124,99,江西横峰葛栽培系统,江西省上饶市横峰县葛源镇,117.665,28.602,中药材花卉系统,Chinese medicinal herb and flower system,CMHFS,371.4,507.99997,574.89996,698.2999,499.0,356.0,234.1,238.39998,512.30005,1021.3999,312.59998,261.7,887.0,684.69995,700.1,1074.2,344.9,524.0,1454.2,755.0,580.8,220.7,698.4,324.4,234.4,572.2,544.5,281.09998,472.3,391.09998,587.0,190.0,532.60004,326.8,317.09998,597.9,450.9,303.6,100.4,433.5,454.4,438.40002,544.2,430.7719,279.78693
125,100,山东岱岳汶阳田农作系统,山东省泰安市岱岳区大汶口镇,117.083,35.954,旱作农业系统,Dryland farming system,DFS,233.20001,75.5,35.2,104.3,239.5,404.8,42.1,266.1,45.7,121.8,326.7,369.0,287.5,325.2,261.5,224.90001,275.19998,112.5,311.7,36.9,52.9,225.79999,44.1,427.30002,306.8,299.0,188.5,329.9,195.6,166.0,314.40002,234.1,298.3,206.2,40.0,44.3,88.9,87.7,232.6,131.70001,278.2,415.8,218.79999,96.17276,415.14255
126,101,河南嵩县银杏文化系统,河南省洛阳市嵩县白河镇,111.944,33.635,林业和林果系统,Forestry and forestry products system,FFPS,325.5,206.0,491.8,349.2,366.69998,197.09999,210.5,291.6,113.00001,198.40001,446.1,159.2,89.9,107.6,175.6,194.1,273.59998,208.20001,377.40002,250.8,643.5,96.4,115.3,169.9,422.49997,276.0,160.6,213.7,162.8,256.8,353.8,189.1,177.5,90.4,25.9,157.7,103.00001,276.8,75.2,134.9,177.9,290.3,231.0,186.82376,244.87715
127,102,湖南安化黑茶文化系统,湖南省益阳市安化县梅城镇,111.644,28.142,茶文化系统,Tea culture system,TCS,310.80002,419.99997,374.30002,284.1,426.2,105.9,491.6,564.5,609.1001,568.7,502.59998,564.1,415.3,808.69995,390.3,933.2001,824.6,347.9,885.10004,852.5,428.1,392.40002,566.9,332.6,396.5,230.4,274.90002,341.40002,417.30002,345.9,506.8,169.2,467.30002,369.9,358.79996,146.4,706.89996,313.0,72.9,381.8,456.0,294.4,245.1,287.82587,629.76263
128,103,湖南保靖黄金寨古茶园与茶文化系统,湖南省湘西土家族苗族自治州保靖县吕洞山镇黄金村,109.772,28.448,茶文化系统,Tea culture system,TCS,666.39996,274.5,384.90002,536.5,258.9,261.0,604.60004,469.4,572.3,696.9,638.4,829.5,364.1,550.0,389.2,1077.8,1040.6001,376.80002,639.2,795.50006,460.2,314.5,747.60004,733.30005,616.39996,325.8,193.6,349.2,212.20001,224.8,456.4,332.2,414.59998,391.69998,740.4,429.8,274.0,420.80002,132.6,283.80002,491.00003,362.8,411.7,115.11438,564.74365
129,104,湖南永顺油茶林农复合系统,湖南省湘西土家族苗族自治州永顺县灵溪镇长光村,109.894,29.079,复合农业生产系统,Comprehensive agricultural production system,CAPS,732.3,133.4,592.5,645.0,359.7,370.4,548.0,463.0,485.0,454.7,618.6,622.1,250.79999,493.40002,347.2,868.9999,705.49994,313.5,931.60004,598.6,177.0,135.4,694.30005,600.8,584.6,193.3,197.8,316.4,335.5,106.6,360.0,275.2,281.1,291.0,958.50006,358.00003,304.2,210.5,111.100006,208.5,808.10004,347.2,134.4,314.75043,280.1242
130,105,广东佛山基塘农业系统,广东省佛山市南海区西樵镇,112.982,22.941,复合农业生产系统,Comprehensive agricultural production system,CAPS,428.90002,431.5,539.69995,863.69995,121.2,452.90002,258.5,436.5,346.1,342.2,189.0,116.399994,663.4,461.59998,140.3,259.3,379.9,649.39996,482.90002,423.0,284.6,295.0,261.8,273.5,36.6,343.5,398.09998,378.2,553.9,326.1,439.7,373.0,324.9,601.3,298.1,440.2,559.0,289.7,566.6,381.9,47.8,278.1,481.8,674.0254,376.025
131,106,广东岭南荔枝种植系统(增城、东莞),广东省广州市增城区正果镇兰溪村,113.948,23.365,林业和林果系统,Forestry and forestry products system,FFPS,581.1,476.80005,819.19995,1409.5,641.1,690.10004,479.1,783.7999,302.7,352.5,433.30002,255.00002,882.8999,548.9,349.30002,728.39996,500.69998,667.69995,441.09998,552.0,362.4,515.7,211.6,371.4,107.0,567.1,586.89996,444.5,942.2,92.0,612.60004,285.2,356.30002,597.0,321.59998,540.6,816.7999,138.1,569.6,361.6,176.6,173.8,598.4,237.90727,537.4647
131,107,广东岭南荔枝种植系统(增城、东莞),广东省广州市东莞区大朗镇水平村,113.755,23.682,林业和林果系统,Forestry and forestry products system,FFPS,828.9,486.6,904.3,1585.0,648.10004,596.6,458.1,995.8,417.99997,406.6,497.30002,231.70001,1031.5,617.4,412.0,726.1,655.7,591.69995,488.1,701.6,544.7,609.3,92.9,360.8,110.7,584.9,471.0,321.6,784.0,189.4,656.5,336.5,530.4,733.9,271.1,425.09998,778.60004,182.2,484.2,439.4,195.1,109.5,446.0,294.10156,592.5781
132,108,广西横县茉莉花复合栽培系统,广西壮族自治区南宁市横州市校椅镇石井村,109.251,22.776,中药材花卉系统,Chinese medicinal herb and flower system,CMHFS,313.4,1134.7,621.39996,446.40002,257.3,772.89996,264.3,458.40002,439.69998,183.90001,347.1,449.7,504.0,368.8,585.2001,604.19995,188.79999,527.2,530.60004,142.20001,129.7,525.1,640.5,291.1,66.1,592.8,271.69998,177.8,576.10004,273.4,761.0,171.6,678.30005,642.0,439.6,544.2,582.2001,428.6,204.4,251.6,149.6,121.5,426.9,614.88574,568.9295
133,109,重庆大足黑山羊传统养殖系统,重庆市大足区铁山镇太平村,105.564,29.689,畜牧水产系统,Livestock and aquaculture system,LAS,325.8,216.1,308.0,590.0,550.2,444.3,460.69998,264.0,344.69998,368.3,244.1,212.2,63.9,250.3,397.09998,139.1,330.69998,78.399994,585.4,347.0,288.1,107.8,267.2,318.3,362.2,300.4,150.7,423.80002,180.40001,344.4,272.7,192.0,311.0,356.80002,382.7,269.4,208.09999,182.1,268.69998,100.40001,376.3,163.7,159.79999,535.6605,320.32437
134,110,重庆万州红桔栽培系统,重庆市万州区太龙镇,108.531,30.905,林业和林果系统,Forestry and forestry products system,FFPS,593.8,272.0,780.7999,724.1,429.7,335.8,505.7,605.39996,204.80002,500.8,405.1,604.7,233.70001,754.2,374.0,287.0,517.9,345.2,668.8,374.99997,576.0,112.2,120.7,557.2,277.3,278.4,259.90002,360.9,312.0,310.0,89.8,434.59998,154.7,233.40001,343.7,195.2,283.90002,250.20001,75.899994,155.2,299.3,356.9,239.0,301.93613,411.5332
135,111,四川郫都林盘农耕文化系统,四川省成都市郫都区唐昌镇,103.82,30.922,土地利用系统,Land use system,LUS,402.80002,537.19995,300.19998,393.2,280.0,271.0,165.8,266.1,521.5,239.9,819.2,284.7,445.7,269.6,178.0,420.0,387.5,471.2,604.2,287.30002,122.899994,650.0,90.7,477.3,156.90001,349.5,105.9,591.19995,489.8,322.3,363.09998,321.4,215.6,538.4,296.2,152.6,120.1,182.0,355.3,428.99997,1023.7001,423.7,295.9,336.801,386.40808
136,112,四川宜宾竹文化系统,四川省宜宾市长宁县竹海镇,104.93,28.503,林业和林果系统,Forestry and forestry products system,FFPS,259.2,311.3,405.0,645.10004,453.2,327.1,466.19998,348.1,228.1,559.3,430.3,373.5,245.49998,326.80002,338.40002,392.89996,338.59998,323.69998,596.1,430.8,594.8,268.0,181.09999,210.0,320.4,329.6,237.09999,413.1,334.39996,341.5,240.5,252.59999,537.0,355.69998,203.2,420.5,420.2,195.8,360.5,174.1,394.7,329.6,172.4,273.13757,418.43182
137,113,四川石渠扎溪卡游牧系统,四川省甘孜藏族自治州石渠县长须贡马乡,98.928,32.762,畜牧水产系统,Livestock and aquaculture system,LAS,223.19998,87.8,166.7,93.3,162.1,130.8,57.6,71.1,108.4,30.3,88.3,104.8,128.29999,182.7,127.700005,135.5,105.600006,66.2,168.09999,158.20001,47.399998,39.9,93.0,173.6,51.1,158.4,116.799995,179.2,119.59999,176.0,45.0,147.9,159.6,253.69998,201.2,93.299995,143.1,120.7,116.09999,195.4,267.3,134.8,104.399994,179.74054,130.09885
138,114,贵州锦屏杉木传统种植与管理系统,贵州省黔东南州锦屏县平秋镇魁胆村,109.088,26.682,林业和林果系统,Forestry and forestry products system,FFPS,538.60004,417.19998,380.8,321.6,160.40001,163.9,351.39996,298.8,527.60004,275.6,557.5,573.3,393.6,382.90002,739.3,407.0,619.5,326.3,408.90002,457.7,199.70001,248.79999,571.1,428.19998,696.7999,159.59999,358.59998,218.7,401.0,256.0,246.6,144.29999,365.2,508.2,107.4,335.40002,708.5,512.6,147.2,276.90002,347.8,243.09999,237.0,125.65558,418.51843
139,115,贵州安顺屯堡农业系统,贵州省安顺市西秀区大西桥镇鲍家屯,106.118,26.331,复合农业生产系统,Comprehensive agricultural production system,CAPS,442.1,253.99998,451.60004,375.9,363.8,336.40002,366.8,307.3,386.8,284.1,464.80002,431.69998,316.19998,321.5,349.8,223.99998,681.69995,536.3,241.4,651.3,219.9,386.59998,766.9,391.5,428.10004,302.2,319.80002,339.3,509.8,304.4,440.8,402.7,329.7,263.1,417.30002,494.8,447.9,514.8,366.4,409.3,452.30002,382.4,229.80002,219.69357,568.34973
140,116,陕西临潼石榴种植系统,陕西省西安市临潼区马额街道,109.384,34.403,林业和林果系统,Forestry and forestry products system,FFPS,291.4,425.7,148.0,277.19998,260.7,135.20001,175.09999,207.1,83.7,156.5,218.9,120.6,252.2,219.9,338.80002,82.4,213.1,100.2,365.7,197.59999,105.8,80.5,92.0,259.7,82.399994,203.8,92.0,305.1,57.1,105.50001,134.0,327.7,209.8,81.0,154.1,40.4,68.2,140.6,48.0,259.8,122.299995,429.2,173.3,241.11993,368.96057
141,117,山西阳城蚕桑文化系统,山西省晋城市阳城县寺头乡,112.388,35.622,蚕桑系统,Silkworm system,SS,462.1,289.0,171.0,150.5,230.7,186.79999,124.2,204.4,148.6,62.3,176.6,34.5,182.6,189.29999,129.3,156.20001,196.09999,40.4,289.2,322.09998,183.30002,206.6,27.7,297.0,64.1,170.20001,107.6,29.7,154.8,109.8,41.2,207.7,69.4,209.3,60.7,32.0,184.29999,67.899994,138.90001,56.5,101.2,394.1,144.7,133.22678,75.61202
142,118,内蒙古武川燕麦传统旱作系统,内蒙古自治区呼和浩特市武川县上秃亥乡,111.302,41.185,旱作农业系统,Dryland farming system,DFS,22.8,96.2,120.5,89.700005,184.6,248.7,19.9,89.3,119.100006,23.1,151.59999,112.90001,123.600006,62.600002,87.8,166.4,89.1,159.8,230.09999,144.09999,95.8,97.0,62.0,113.2,98.3,69.0,65.8,23.7,84.399994,30.9,92.3,21.0,147.0,132.0,68.399994,22.8,171.3,48.7,177.19998,55.1,28.0,20.3,30.2,32.356716,305.27615
143,119,内蒙古东乌珠穆沁旗游牧生产系统,内蒙古东乌珠穆沁旗满都宝力格镇,116.968,45.496,畜牧水产系统,Livestock and aquaculture system,LAS,72.5,136.9,17.6,87.2,118.0,96.9,106.2,107.1,76.8,83.7,144.1,37.7,35.2,77.3,103.8,59.800003,38.3,15.2,226.3,33.0,35.7,52.300003,51.7,102.2,117.700005,35.4,33.5,43.699997,62.000004,79.5,79.5,63.0,89.3,85.0,53.1,58.9,18.3,16.8,149.2,34.2,68.6,98.9,42.7,49.94462,111.74259
144,120,吉林和龙林下参--芝抚育系统,吉林省延边州和龙市八家子镇,129.119,42.667,中药材花卉系统,Chinese medicinal herb and flower system,CMHFS,68.2,94.899994,117.3,108.399994,209.7,79.5,349.0,254.6,305.3,342.7,219.2,188.0,282.0,80.6,303.1,517.5,180.5,117.0,145.2,178.2,340.6,175.3,328.30002,73.2,141.4,121.8,97.9,241.5,238.20001,85.7,214.69998,76.3,198.4,229.59999,89.899994,277.5,241.4,136.9,336.5,118.8,359.80002,121.2,411.89996,325.31897,221.74512
145,121,江苏启东沙地圩田农业系统,江苏省南通市启东市海复镇,121.681,31.988,土地利用系统,Land use system,LUS,397.49997,457.0,369.1,743.60004,240.2,543.30005,480.5,410.9,307.3,337.6,417.69998,492.8,237.5,591.0,252.8,439.59998,442.1,250.40001,322.2,748.3,394.2,358.4,505.5,148.7,323.6,95.8,271.1,217.2,308.69998,388.2,70.399994,182.9,83.600006,113.6,147.29999,462.3,706.9,186.3,308.7,389.5,470.90002,340.2,396.8,543.9656,489.9337
146,122,江苏吴江蚕桑文化系统,江苏省苏州市吴江区震泽镇,120.505,30.915,蚕桑系统,Silkworm system,SS,335.6,302.0,344.8,762.9,379.90002,451.0,413.5,240.0,251.40001,433.5,451.0,627.39996,304.0,394.7,314.0,739.60004,549.0,320.59998,428.60004,750.99994,303.2,368.80002,154.4,106.3,226.6,310.2,225.2,341.5,262.1,277.90002,354.1,461.4,534.19995,290.3,424.5,345.40002,433.7,155.9,39.7,524.30005,645.0,589.60004,311.90002,242.29567,785.5906
147,123,浙江缙云茭白--麻鸭共生系统,浙江省丽水市缙云县前路乡水口村,120.276,28.754,复合农业生产系统,Comprehensive agricultural production system,CAPS,227.20001,121.899994,654.2,536.3,422.7,315.40002,375.09998,326.1,420.0,1066.2,572.5,88.100006,855.89996,616.5,915.5,501.30002,300.2,853.60004,735.3,267.3,477.19998,342.40002,230.9,155.9,280.2,525.80005,354.30002,267.09998,150.9,495.0,667.0,178.9,469.4,391.0,480.4,657.7,484.7,121.2,280.5,673.4,471.0,796.9001,594.2,265.10583,492.23895
148,124,浙江桐乡蚕桑文化系统,浙江省嘉兴市桐乡市河山镇八泉村,120.401,30.627,蚕桑系统,Silkworm system,SS,510.6,275.40002,521.80005,739.5,457.5,408.2,386.60004,349.59998,226.2,471.5,376.89996,446.90002,457.49997,465.59998,292.3,710.3,457.5,375.09998,398.5,700.2,265.5,292.3,132.20001,97.8,69.0,361.09998,254.9,423.8,192.3,292.0,329.3,459.5,453.8,387.7,311.5,379.5,433.8,385.4,76.0,500.8,542.69995,581.1,231.0,138.59737,670.3904
149,125,安徽太湖山地复合农业系统,安徽省安庆市太湖县大别山区,116.112,30.449,复合农业生产系统,Comprehensive agricultural production system,CAPS,419.69998,507.0,394.0,1210.0,546.1,310.6,454.0,766.4,443.9,323.5,643.7,872.8,502.60004,480.9,419.19998,913.69995,611.9,209.99998,1039.8,1040.8,238.8,108.8,607.4,346.0,510.69995,475.9,207.0,95.4,480.5,188.3,315.0,223.79999,338.80002,328.1,369.1,584.0,920.39996,309.1,321.0,228.1,714.3,309.3,161.1,336.41574,327.34113
150,126,福建松溪竹蔗栽培系统,福建省南平市松溪县万前村,118.717,27.434,复合农业生产系统,Comprehensive agricultural production system,CAPS,544.2,178.29999,282.0,504.30002,359.5,252.9,310.1,330.09998,415.1,456.9,415.9,206.4,811.30005,431.4,488.8,707.8,401.8,289.59998,456.19998,449.09998,533.0,307.50003,466.6,366.2,185.9,605.69995,758.2,350.09998,248.79999,331.7,476.59998,147.3,186.1,164.59999,441.1,603.80005,287.2,309.5,183.59999,502.6,110.5,404.90002,378.80002,226.92744,486.03247
151,127,江西浮梁茶文化系统,江西省景德镇市浮梁县江村乡,117.363,29.774,茶文化系统,Tea culture system,TCS,377.8,584.8,380.59998,1395.5001,512.3,497.8,360.3,502.3,581.5,529.80005,678.0,595.7,808.7,1220.7,720.2,1113.3,799.80005,734.30005,855.5,1268.0001,263.0,196.8,738.10004,442.5,252.50002,180.6,175.3,134.2,312.69998,275.6,633.9,338.3,520.8,396.59998,495.2,846.0999,473.39996,584.8,250.7,188.8,740.6001,289.4,297.6,312.78165,640.6422
152,128,山东莱阳古梨树群系统,山东省烟台市莱阳市照旺庄镇,120.747,36.912,林业和林果系统,Forestry and forestry products system,FFPS,261.5,36.9,86.4,185.9,152.7,295.59998,112.4,330.2,137.0,191.6,289.59998,270.0,90.6,135.5,211.69998,221.4,176.1,174.90001,205.6,100.100006,35.6,180.1,247.4,300.8,251.09999,300.6,42.2,271.59998,317.0,260.1,49.2,310.80002,162.3,123.0,156.6,87.0,41.5,79.7,42.0,84.0,174.1,177.0,360.9,195.28056,374.68314
153,129,山东峄城石榴种植系统,山东省枣庄市峄城区榴园镇王府山,117.539,34.768,林业和林果系统,Forestry and forestry products system,FFPS,363.8,57.4,134.5,319.1,392.9,186.00002,155.5,296.4,243.3,246.50002,477.2,313.7,222.59999,158.6,139.59999,384.3,293.99997,134.3,542.10004,158.0,465.80002,173.6,239.2,549.0,232.79999,545.8,90.2,410.30002,329.19998,110.0,266.0,313.80002,187.6,252.69998,87.7,132.3,193.0,273.3,125.899994,130.6,449.40002,525.7,266.30002,275.8727,366.3771
154,130,湖南龙山油桐种植系统,湖南省湘西州龙山县咱果乡,109.35,29.028,林业和林果系统,Forestry and forestry products system,FFPS,673.3,194.70001,543.6,640.30005,365.9,185.30002,448.2,373.30002,371.1,468.90002,547.1,552.19995,295.69998,501.10004,391.3,806.3,638.39996,362.5,577.1,649.10004,156.5,167.3,530.1,565.30005,421.90002,287.5,128.0,578.5,346.2,110.6,312.19998,329.0,413.99997,375.0,754.5,387.90002,329.40002,223.8,79.7,213.5,744.6,284.5,164.4,286.43878,331.88553
155,131,广东海珠高畦深沟传统农业系统,广东省广州市海珠区华洲街道龙潭村,113.33,23.081,土地利用系统,Land use system,LUS,409.9,416.40002,815.2,1169.7,144.5,530.5,222.0,705.0,516.2,501.40002,272.30002,49.8,850.9,654.9,56.9,568.80005,621.4,901.5,458.8,457.2,303.19998,407.3,308.0,340.49997,85.399994,313.3,536.99994,488.5,711.2,154.7,556.2,406.1,338.69998,690.4,312.09998,626.7,627.2,233.1,739.1,393.1,173.4,177.6,514.4,511.52393,544.65533
156,132,广西桂西北山地稻鱼复合系统,广西省百色市靖西市南坡乡底定村,105.986,23.093,复合农业生产系统,Comprehensive agricultural production system,CAPS,420.2,288.2,250.59999,654.80005,368.19998,611.9,752.9,182.5,253.4,280.5,455.3,336.3,311.4,253.79999,612.2,396.9,526.0,269.4,25.0,191.8,236.2,239.2,271.1,284.5,178.4,95.6,444.80002,216.20001,568.0,141.7,310.30002,227.0,367.8,383.6,562.10004,386.0,309.7,356.0,299.4,469.89996,444.5,268.3,340.2,410.02307,598.8019
157,133,云南文山三七种植系统,云南省文山壮族苗族自治州砚山县盘龙乡,104.315,23.536,中药材花卉系统,Chinese medicinal herb and flower system,CMHFS,175.8,318.09998,137.90001,262.6,344.7,272.2,593.10004,109.3,185.8,304.2,334.3,346.0,353.00003,185.59999,470.1,136.9,502.5,252.90001,161.40001,232.29999,79.6,256.3,285.3,237.6,233.5,69.6,269.40002,254.20001,277.59998,198.0,239.5,52.7,253.09999,304.0,296.80002,283.8,266.7,225.7,263.4,198.5,59.9,313.99997,147.3,203.2788,467.8585
158,134,西藏当雄高寒游牧系统,西藏自治区拉萨市当雄县纳木错湖乡,91.086,30.733,畜牧水产系统,Livestock and aquaculture system,LAS,191.1,115.8,120.0,69.2,156.5,234.19998,77.7,61.3,188.3,51.399998,192.6,153.9,163.6,201.0,35.3,181.9,123.0,65.9,226.79999,178.0,74.5,123.4,195.30002,174.70001,164.0,113.0,114.100006,78.6,147.7,80.299995,139.3,142.09999,27.2,160.9,92.1,95.8,119.3,153.6,183.3,149.9,217.30002,154.0,90.899994,175.70328,39.388348
159,135,西藏乃东青稞种植系统,西藏自治区山南市乃东区昌珠镇,91.771,29.19,旱作农业系统,Dryland farming system,DFS,214.79999,93.5,59.799995,89.299995,104.9,109.2,125.299995,168.70001,51.1,142.4,93.8,129.0,91.7,69.9,83.7,72.8,105.600006,74.399994,115.8,125.4,246.00002,77.0,108.399994,181.9,213.09999,14.7,48.2,170.1,158.70001,30.7,151.9,118.3,122.0,124.100006,146.4,186.1,125.200005,132.9,89.2,190.90002,140.40001,186.4,116.2,124.08512,66.8374
160,136,陕西汉阴凤堰稻作梯田系统,陕西省安康市汉阴县漩涡镇堰坪村,108.417,32.797,稻作农业系统,Rice farming system,RFS,443.0,494.0,432.5,471.8,440.50003,341.09998,242.1,329.3,32.3,287.2,248.50002,397.39996,300.59998,313.7,217.4,299.2,313.8,75.2,339.19998,179.59999,574.2001,269.9,260.3,529.0,337.7,234.60002,188.79999,388.1,172.8,208.4,398.60004,433.2,325.7,213.79999,290.4,214.5,61.0,520.4,93.9,165.3,319.5,716.30005,404.6,347.74475,219.34348
161,137,广东岭南荔枝种植系统(茂名),广东茂名市高州根子柏桥贡园,111.045,21.804,林业和林果系统,Forestry and forestry products system,FFPS,314.6,953.19995,432.9,562.9,518.3,519.0,477.09998,511.0,548.19995,281.5,499.40002,371.60004,704.7,859.6,664.49994,383.7,282.7,831.10004,679.39996,236.20001,245.8,502.1,762.19995,201.0,173.2,219.6,283.4,302.09998,955.3,636.5,369.2,412.09998,464.19998,526.9,269.0,558.5,268.4,214.6,419.7,251.79999,342.6,420.6,451.59998,532.15076,500.7471
162,138,北京怀柔板栗栽培系统,北京市怀柔区九渡河镇,116.453,40.36,林业和林果系统,Forestry and forestry products system,FFPS,95.4,115.100006,128.8,245.50002,144.4,77.899994,264.5,227.9,158.90001,302.3,314.2,218.0,220.8,42.6,492.4,438.30002,142.20001,43.3,300.7,32.7,246.70001,260.40002,116.0,85.5,40.4,174.29999,78.600006,127.4,81.0,42.8,125.9,229.1,182.29999,205.5,38.7,80.8,331.89996,353.09998,239.1,93.100006,120.100006,251.7,107.5,95.9013,324.7608
163,139,北京门头沟京白梨栽培系统,北京市门头沟区军庄镇,116.097,40.004,林业和林果系统,Forestry and forestry products system,FFPS,114.8,163.4,195.29999,167.9,143.2,47.9,315.09998,130.4,146.9,209.29999,388.40002,88.399994,73.7,39.0,368.7,179.6,181.8,81.8,203.4,33.9,212.20001,201.30002,36.1,140.5,51.4,97.2,163.29999,79.1,36.7,91.0,90.0,292.5,168.0,52.4,49.0,87.7,254.4,168.9,104.3,79.9,107.7,215.40001,110.7,298.0468,448.89154
164,140,河北赵县古梨园,河北省石家庄市赵县谢庄镇,114.981,37.809,林业和林果系统,Forestry and forestry products system,FFPS,108.200005,272.5,91.4,135.2,132.0,151.7,156.7,134.8,304.3,123.899994,82.7,153.59999,130.1,204.7,67.9,83.3,271.0,35.9,265.9,34.5,337.3,261.1,31.2,251.4,126.7,180.8,106.9,37.1,79.4,90.899994,161.5,41.0,259.59998,77.9,31.9,48.8,232.5,31.7,97.5,35.9,189.3,229.6,129.9,131.54207,176.39488
165,141,河北涿鹿龙眼葡萄栽培系统,河北省张家口市涿鹿县温泉屯镇,115.372,40.346,林业和林果系统,Forestry and forestry products system,FFPS,38.0,123.100006,203.20001,174.3,35.7,59.1,195.1,109.2,94.899994,117.8,160.1,38.7,33.6,104.50001,278.0,158.3,107.7,80.4,117.700005,55.9,104.0,55.199997,49.1,64.2,24.3,53.1,111.0,102.8,72.8,26.9,61.100002,79.0,228.9,70.8,35.1,25.8,156.2,148.0,52.6,200.2,139.8,152.0,198.5,129.32162,237.21451
166,142,河北泊头古桑林,河北省沧州市泊头市营子镇,116.445,38.159,林业和林果系统,Forestry and forestry products system,FFPS,125.3,290.3,33.5,268.0,197.4,187.3,81.5,228.3,222.3,115.2,144.0,93.3,137.5,100.3,213.70001,306.2,96.7,53.3,276.6,40.4,282.0,162.40001,35.2,300.5,68.5,138.4,87.0,114.5,127.8,42.6,202.79999,171.9,124.5,121.0,77.399994,171.79999,152.9,146.1,171.1,101.8,69.2,244.0,144.0,188.8993,165.68262
167,143,山西浑源恒山黄芪栽培系统,山西省大同市浑源县官儿乡大峪沟村,113.637,39.514,中药材花卉系统,Chinese medicinal herb and flower system,CMHFS,116.5,93.8,190.7,87.0,115.0,165.49998,139.4,136.5,23.8,130.79999,205.1,46.5,149.6,63.699997,141.79999,396.30002,340.0,160.0,146.1,82.5,199.5,18.4,153.9,139.3,145.4,87.299995,90.8,139.6,150.0,111.5,57.7,105.100006,205.0,105.799995,65.0,102.0,213.4,201.99998,42.4,86.0,135.0,231.6,302.40002,168.99313,97.69521
168,144,山西长治党参栽培系统(长治市平顺县、壶关县),山西省长治市平顺县西沟乡石匣村,113.452,36.118,中药材花卉系统,Chinese medicinal herb and flower system,CMHFS,310.0,374.0,239.7,195.5,278.2,212.80002,223.1,210.2,277.90002,34.9,188.8,256.59998,34.3,218.1,271.40002,364.19998,443.3,127.6,280.3,165.4,748.0,218.4,63.8,373.0,129.70001,242.09999,114.2,234.7,252.0,77.899994,245.1,240.7,51.6,307.7,234.0,163.3,477.4,108.7,294.0,61.1,239.5,563.69995,389.09998,263.83615,29.051546
168,145,山西长治党参栽培系统(长治市平顺县、壶关县),山西省长治市壶关县晋庄镇北庄村,113.37,36.028,中药材花卉系统,Chinese medicinal herb and flower system,CMHFS,320.09998,403.5,194.5,200.79999,280.5,190.5,200.0,189.0,221.70001,23.6,133.4,169.29999,60.6,211.7,233.4,343.69998,402.09998,132.9,277.2,150.7,600.69995,199.70001,31.6,350.5,87.0,248.8,93.2,169.3,196.5,98.399994,258.8,243.5,56.5,257.30002,229.09999,145.20001,377.69998,77.3,245.00002,56.4,172.4,478.09998,260.4,195.74931,81.50857
169,146,内蒙古库伦荞麦旱作系统,内蒙古自治区通辽市库伦旗扣河子镇平安村,121.26,42.612,旱作农业系统,Dryland farming system,DFS,52.3,129.4,25.2,137.0,185.4,244.70001,265.2,60.5,23.2,143.6,167.1,248.29999,82.3,56.0,339.3,285.40002,102.3,212.9,303.90002,60.4,56.6,55.2,134.70001,201.9,155.5,118.100006,127.799995,195.4,194.0,59.0,217.9,59.2,278.9,123.59999,134.0,53.7,181.9,126.40001,81.0,112.7,93.8,215.9,266.80002,123.9802,107.32863
170,147,辽宁西丰梅花鹿养殖系统,辽宁省铁岭市西丰县郜家店镇安乐村,124.454,42.712,畜牧水产系统,Livestock and aquaculture system,LAS,259.7,213.1,162.90001,297.9,235.40001,626.7001,297.80002,347.7,121.299995,66.5,191.4,380.19998,108.1,58.6,575.7,673.10004,365.8,103.0,329.0,87.8,78.0,269.5,192.3,134.5,245.6,267.4,127.40001,324.7,183.4,120.7,441.80002,123.1,288.40002,438.9,112.5,87.1,324.3,80.1,148.4,217.20001,403.2,198.09999,435.80002,90.37138,342.52066
171,148,吉林长白山人参栽培系统(通化市集安;白山市抚松县、延边朝鲜族自治州安图）,吉林省通化市集安市大路镇古马岭村,125.643,40.927,中药材花卉系统,Chinese medicinal herb and flower system,CMHFS,62.699997,291.1,364.60004,140.8,233.19998,273.5,362.3,232.0,151.5,220.79999,505.6,147.5,338.3,48.8,171.4,353.2,315.0,129.4,452.9,167.8,160.5,256.19998,172.2,149.9,245.0,285.0,226.9,444.8,247.2,185.5,278.1,332.2,304.7,426.7,132.2,183.6,196.70001,31.1,319.7,138.70001,478.0,225.4,461.2,336.1419,569.222
171,149,吉林长白山人参栽培系统(通化市集安;白山市抚松县、延边朝鲜族自治州安图）,吉林省白山市抚松县万良镇小屯村,127.246,42.44,中药材花卉系统,Chinese medicinal herb and flower system,CMHFS,128.4,233.3,297.0,248.5,164.8,154.2,546.8,261.3,203.50002,373.30002,451.9,282.6,290.9,143.0,264.6,801.0,425.5,176.09999,331.7,264.5,313.3,266.7,200.79999,230.3,335.7,237.70001,197.40001,426.10004,236.1,154.4,514.4,120.700005,189.20001,438.90002,84.6,212.5,209.7,125.100006,351.40002,222.3,404.60004,174.8,403.7,300.63992,441.68756
171,150,吉林长白山人参栽培系统(通化市集安;白山市抚松县、延边朝鲜族自治州安图）,吉林省延边朝鲜族自治州安图县两江镇白河村,128.054,42.576,中药材花卉系统,Chinese medicinal herb and flower system,CMHFS,127.299995,141.9,250.69998,162.5,183.4,96.40001,373.0,250.6,221.9,390.3,369.90002,342.3,243.70001,125.40001,344.40002,666.89996,256.30002,124.399994,292.2,156.40001,302.5,204.3,230.6,135.9,267.4,145.40001,167.00002,344.3,247.80002,115.6,417.50003,20.8,244.0,303.2,102.1,207.3,118.2,145.9,411.5,187.09999,384.7,151.2,372.1,341.33716,313.7198
172,151,上海金山蟠桃栽培系统,上海市金山区吕巷镇,121.178,30.834,林业和林果系统,Forestry and forestry products system,FFPS,438.5,116.100006,391.19998,863.6,231.2,498.5,364.39996,149.70001,207.79999,370.9,282.8,471.3,292.2,475.80002,435.8,571.8,484.1,317.0,341.5,440.3,275.1,239.90001,242.5,86.3,135.2,298.3,184.4,283.4,149.4,228.00002,218.79999,344.90002,396.5,151.1,433.50003,346.2,396.09998,382.2,153.1,513.7,761.19995,542.4,290.59998,220.98016,717.8677
173,152,江苏吴中传统水生蔬菜栽培系统,江苏省苏州市吴中区江湾村,120.75,31.238,蔬菜瓜果系统,Vegetable and fruit system,VFS,334.5,294.8,260.7,767.19995,342.5,505.40002,476.79996,240.90002,318.9,370.09998,416.8,572.10004,309.8,371.40002,299.80002,631.6,437.5,334.0,323.90002,731.0,264.0,450.19998,122.600006,38.4,244.90001,297.8,137.59999,92.0,180.6,208.69998,154.5,302.0,360.7,124.399994,290.2,438.09998,502.60004,34.7,58.7,535.5,589.9,390.9,271.40002,220.43018,605.0455
174,153,江苏吴江基塘农业系统,江苏省苏州市吴江区黎里镇东秋村,120.868,31.033,复合农业生产系统,Comprehensive agricultural production system,CAPS,445.2,201.0,343.8,784.0,364.30002,631.5,380.90002,237.7,262.9,390.30002,367.5,657.0,298.3,395.6,350.1,597.3,503.8,386.5,333.8,602.10004,260.0,403.80002,231.30002,81.4,210.40001,320.3,193.2,183.70001,175.1,241.59999,229.2,333.7,394.8,197.8,376.1,304.90002,405.6,107.4,91.100006,559.4,685.89996,384.60004,267.59998,258.11542,681.4636
175,154,浙江吴兴溇港圩田农业系统,浙江省湖州市吴兴区织里镇,120.265,30.865,土地利用系统,Land use system,LUS,370.4,421.1,279.09998,820.6,462.9,371.2,436.6,295.6,294.6,461.0,576.10004,622.0,269.7,437.0,289.7,739.7001,590.1,312.09998,456.5,861.0,209.9,481.1,159.70001,78.5,303.7,248.40001,318.6,419.2,328.4,276.80002,406.2,468.10004,453.5,285.2,458.9,325.89996,505.30002,126.9,75.5,521.2,669.60004,685.69995,318.2,272.65698,838.2898
176,155,浙江东阳元胡水稻轮作系统,浙江省金华市东阳市横店,120.34,29.158,中药材花卉系统,Chinese medicinal herb and flower system,CMHFS,258.4,136.2,371.0,691.5,448.59998,240.90001,425.8,338.59998,420.0,849.7,309.7,73.9,763.7,820.80005,595.2,604.99994,103.5,480.7,727.0,320.0,423.09998,201.09999,179.1,180.2,264.1,500.59998,261.7,263.4,223.59999,442.90002,372.4,69.7,371.3,168.0,360.40002,521.1,317.1,143.0,131.3,681.00006,323.89996,523.19995,552.39996,150.02515,500.8034
177,156,浙江天台乌药林下栽培系统,浙江省台州市天台县三州乡下屋村,120.795,29.215,中药材花卉系统,Chinese medicinal herb and flower system,CMHFS,88.1,85.100006,372.9,659.69995,456.5,258.8,451.2,441.60004,453.7,997.1001,437.90002,39.8,753.6,699.10004,652.0,586.50006,66.2,557.80005,623.7,313.5,402.7,220.9,92.5,94.6,245.5,591.1,272.2,236.99998,289.4,521.9,442.5,105.0,398.0,217.3,375.90002,504.80002,306.90002,142.7,216.8,607.7,315.30002,559.39996,668.69995,246.11429,332.92938
178,157,安徽义安凤丹栽培系统,安徽省铜陵市义安区凤凰山村,118.023,30.875,中药材花卉系统,Chinese medicinal herb and flower system,CMHFS,343.40002,197.6,250.9,903.69995,429.80002,345.1,396.80002,555.9,310.69998,441.09998,523.0,712.49994,237.9,365.9,205.09999,578.7,590.99994,93.2,460.99994,1017.3,200.7,309.0,429.59998,119.7,258.7,182.7,293.59998,423.3,404.09998,171.7,516.0,398.30002,366.0,385.4,250.3,356.90002,777.89996,69.1,179.3,372.6,657.2001,130.1,182.0,112.195816,363.6412
179,158,安徽青阳九华黄精栽培系统,安徽省池州市青阳县庙前镇玉屏村,117.732,30.571,中药材花卉系统,Chinese medicinal herb and flower system,CMHFS,461.50003,229.1,234.1,1015.69995,503.6,399.80002,517.6,540.9,373.99997,576.5,626.4,587.99994,383.2,364.8,375.80002,854.10004,547.60004,152.4,714.89996,1289.9,291.8,417.30002,586.2999,140.4,439.4,203.0,325.59998,416.4,475.3,249.1,618.30005,427.69998,358.09998,465.0,397.59998,441.5,781.6,254.6,98.2,315.09998,731.9,345.90002,198.9,264.90494,378.70996
180,159,安徽歙县梯地茶园系统,安徽省黄山市歙县街源蜈蚣岭村,118.615,29.738,茶文化系统,Tea culture system,TCS,386.3,321.0,374.20004,955.69995,341.4,190.70001,265.3,297.7,553.4,882.5,429.7,134.8,615.4,845.2001,531.50006,1119.7,520.4,691.39996,567.80005,1098.7,126.200005,115.99999,525.7,353.4,361.80002,249.09999,253.70001,330.2,290.80002,482.40002,372.69998,290.6,536.9,413.4,387.1,850.6,570.0,451.50003,82.9,384.90002,751.9,314.3,230.5,242.82971,581.9989
181,160,福建长乐番薯种植系统,福建省福州市长乐区文岭镇,119.651,25.997,蔬菜瓜果系统,Vegetable and fruit system,VFS,296.9,552.8,652.00006,531.4,457.40002,569.39996,396.90002,270.90002,417.8,301.59998,986.0,257.8,584.8,414.50003,551.5,346.30002,562.7,406.19998,278.3,216.70001,451.19998,507.8,501.90002,255.29999,380.0,536.0,903.5,452.30002,470.1,455.1,308.9,485.5,495.80002,476.69998,289.9,832.4,711.69995,688.9,529.39996,322.8,130.4,662.7,793.3,564.8346,783.5757
182,161,福建武夷岩茶文化系统,福建省南平市武夷山市武夷山,118.03,27.76,茶文化系统,Tea culture system,TCS,566.4,359.39996,599.9,581.5,613.8,384.7,384.09998,285.6,485.3,470.90002,394.7,492.5,1008.8,631.1,874.10004,774.3,286.40002,689.0,821.00006,607.9,729.6,535.6,606.2,447.4,322.2,750.4999,526.2,307.6,277.7,392.19998,1089.0999,83.2,541.69995,352.6,255.0,622.9,627.2,388.5,118.7,581.9,263.5,596.0,677.5,464.00616,875.4535
183,162,江西湖口大豆栽培系统,江西省九江市湖口县流芳乡,116.267,29.543,蔬菜瓜果系统,Vegetable and fruit system,VFS,201.20001,329.5,276.90002,886.4,279.2,484.0,526.89996,333.30002,317.6,665.7001,757.60004,468.4,649.5,826.19995,474.60004,1050.0,491.3,581.10004,996.5,732.69995,242.30002,496.8,378.1,336.3,215.0,475.3,247.5,49.7,513.9,150.1,466.80002,235.5,603.30005,503.1,220.2,446.40002,547.4,645.4,130.8,221.4,487.8,302.2,298.4,296.8913,557.3447
184,163,山东昌邑山阳大梨栽培系统,山东省潍坊市昌邑市饮马镇山阳村,119.391,36.663,林业和林果系统,Forestry and forestry products system,FFPS,174.4,52.9,145.6,138.1,208.20001,318.8,59.5,66.7,116.700005,182.49998,344.19998,295.19998,168.9,216.20001,216.7,247.5,114.7,207.8,222.1,127.2,70.3,216.70001,117.3,305.1,193.40001,340.9,34.0,340.4,439.8,221.4,154.0,234.4,153.5,179.4,44.8,46.2,36.0,85.2,109.8,123.9,139.29999,93.899994,285.4,157.66147,443.94553
185,164,山东平邑金银花—山楂复合系统,山东临沂市平邑县郑城镇,117.659,35.266,复合农业生产系统,Comprehensive agricultural production system,CAPS,305.5,48.4,78.399994,146.9,252.8,97.600006,149.9,247.4,177.1,114.600006,417.30002,220.6,233.1,344.9,172.3,488.4,200.3,111.3,551.2,294.2,352.4,83.3,207.5,523.0,332.2,445.0,111.3,349.6,322.9,190.40001,231.5,175.79999,213.6,219.6,51.1,86.399994,199.0,177.1,133.5,94.9,385.7,385.7,276.3,231.7171,592.05835
186,165,山东临清黄河故道古桑树群,山东聊城市临清市新华路街道郭堤村,115.765,36.867,林业和林果系统,Forestry and forestry products system,FFPS,211.0,118.8,33.3,245.4,159.20001,288.7,98.9,209.6,130.4,76.399994,306.30002,127.0,165.70001,300.19998,166.1,184.8,172.8,101.5,159.8,86.2,205.4,211.20001,72.3,227.4,240.3,182.20001,153.7,246.40001,197.5,222.40001,274.4,39.5,121.799995,33.6,68.1,34.9,150.5,34.9,142.3,102.3,98.9,430.4,226.4,42.785965,184.42387
187,166,河南宁陵黄河故道古梨园,河南省商丘市宁陵县石桥镇,115.311,34.505,林业和林果系统,Forestry and forestry products system,FFPS,335.19998,225.4,226.6,273.9,430.7,245.0,76.7,139.8,52.0,523.9,288.09998,317.9,203.9,131.1,269.2,246.2,214.90001,47.1,415.8,115.600006,245.0,44.4,144.7,290.8,344.2,228.6,159.79999,265.2,295.7,110.0,186.4,71.5,157.6,161.29999,35.3,120.399994,320.00003,159.4,146.6,36.2,261.90002,524.5,158.7,221.92467,635.5936
188,167,河南林州太行菊栽培系统,河南省安阳市林州市茶店镇,113.819,35.831,中药材花卉系统,Chinese medicinal herb and flower system,CMHFS,259.19998,277.4,276.8,165.20001,268.1,137.0,188.1,237.6,101.7,29.9,203.3,104.2,111.4,267.10004,313.69998,306.6,428.9,36.3,293.5,145.70001,568.4,185.7,66.6,303.19998,30.2,181.70001,91.0,105.5,180.80002,242.0,267.2,171.40001,60.2,149.6,126.5,147.1,396.9,102.7,319.1,34.3,70.899994,658.5,199.79999,320.622,123.76445
189,168,湖北秭归柑橘栽培系统,湖北省宜昌市秭归县郭家坝镇,110.751,30.955,林业和林果系统,Forestry and forestry products system,FFPS,420.6,154.4,780.9,640.0,358.40002,380.4,636.10004,486.09998,130.79999,583.8,182.7,223.6,188.2,616.4,374.4,439.19998,701.00006,294.80002,622.3,435.7,393.5,228.7,353.09998,546.1,439.90002,147.5,236.29999,478.0,537.4,369.19998,526.9,341.8,185.6,339.3,282.5,227.30002,446.9,398.69998,140.5,66.9,745.4,236.0,191.2,188.13931,160.4431
190,169,湖北京山稻作文化系统,湖北省荆门市京山市孙桥镇,113.015,31.088,稻作农业系统,Rice farming system,RFS,755.30005,238.2,488.0,890.80005,264.1,373.80002,372.2,534.80005,331.0,402.3,355.8,755.4,328.80002,447.90002,431.8,326.30002,811.3999,208.29999,511.2,228.5,308.2,134.4,416.0,216.5,419.3,252.0,42.3,319.6,488.7,159.0,397.7,376.4,241.0,463.00003,297.19998,571.3,417.90002,172.9,260.9,356.4,722.30005,241.8,269.59998,431.8777,268.00577
191,170,湖北咸宁古桂花树群,湖北省咸宁市咸安区桂花镇柏墩村,114.345,29.72,林业和林果系统,Forestry and forestry products system,FFPS,290.1,550.60004,263.0,840.39996,264.40002,308.1,352.69995,412.3,643.0,447.19998,625.80005,607.60004,272.0,419.4,432.49997,888.80005,609.7999,156.8,968.80005,852.2,163.6,162.5,349.09998,573.89996,495.5,425.9,131.2,38.2,149.4,234.59999,384.9,146.5,101.3,210.7,366.90002,403.4,726.5,364.0,143.6,146.7,411.50003,358.4,192.4,214.33902,633.65424
192,171,湖南洪江山地香稻栽培文化系统,湖南省怀化市洪江市深渡苗族乡,110.088,27.132,稻作农业系统,Rice farming system,RFS,497.8,466.90002,582.5,499.19998,263.7,243.29999,505.69998,363.5,279.0,379.09998,603.0,791.0,388.8,598.1,757.0,428.09998,697.80005,541.2,902.1,545.30005,221.99998,516.80005,629.39996,323.0,719.0,102.8,185.7,160.7,308.4,444.3,246.40001,100.8,466.5,589.39996,342.6,318.7,976.7001,355.5,36.6,402.09998,530.69995,299.49997,160.0,282.76544,405.0025
193,172,广东增城丝苗米文化系统,广东省广州市增城区朱村街,113.697,23.277,稻作农业系统,Rice farming system,RFS,578.0,416.8,820.4,1304.5,406.0,603.19995,430.3,911.8,423.99997,359.2,330.19998,237.59999,893.1001,794.9,383.9,706.0,561.0,768.9,457.40002,506.69998,391.8,503.2,217.4,304.6,110.5,443.7,657.9,503.0,767.8,59.4,562.9,325.7,351.5,664.2,345.8,610.30005,732.69995,170.7,447.9,315.40002,252.79999,229.5,683.4,300.2096,506.7532
194,173,广东南雄水旱轮作系统,广东省韶关市南雄市珠玑镇,114.356,25.196,复合农业生产系统,Comprehensive agricultural production system,CAPS,466.5,510.2,229.7,415.3,449.09998,289.2,382.7,435.6,334.1,212.20001,574.9,203.90001,413.2,276.40002,537.89996,465.20004,730.8,386.6,322.4,304.8,330.4,296.4,360.0,84.600006,278.0,276.3,539.9,199.2,463.8,158.40001,386.6,357.3,301.6,281.5,109.40001,274.80002,512.7,115.600006,183.6,238.5,69.0,39.9,334.0,230.33147,534.6343
195,174,广东饶平单丛茶文化系统,广东省潮州市潮安区凤凰镇,116.698,23.906,茶文化系统,Tea culture system,TCS,383.69998,476.10004,365.4,614.4,562.7,535.1,701.0,513.5,281.2,349.7,1019.0,404.1,691.3,387.59998,272.6,398.0,402.59998,554.69995,252.3,503.10004,479.7,496.00003,175.5,430.59998,171.70001,422.19998,1070.2,563.30005,669.0,173.4,262.3,327.3,233.29999,526.3,225.6,333.8,468.6,368.5,346.3,226.29999,199.6,140.5,239.59999,340.2478,813.0504
196,175,广西永福罗汉果栽培系统,广西桂林市永福县龙江乡,109.828,25.247,中药材花卉系统,Chinese medicinal herb and flower system,CMHFS,789.5,1045.1,561.4,668.7,397.2,636.1,573.69995,1000.9,384.3,457.2,1461.5,414.3,992.3,883.80005,1203.5,447.8,802.3,788.1,1807.3999,792.2,376.0,385.99997,993.00006,650.5,472.4,436.69998,351.6,192.6,299.8,369.2,756.1,275.8,394.90002,706.0,446.1,891.50006,971.80005,304.69998,193.1,428.6,808.9,57.3,586.4,430.3946,1029.8401
197,176,广西苍梧六堡茶文化系统,广西梧州市苍梧县六堡镇,111.376,23.815,茶文化系统,Tea culture system,TCS,987.69995,1078.0,725.6,1044.7,359.19998,589.0,368.5,673.19995,492.2,329.69998,684.10004,237.40001,891.4,720.60004,530.80005,627.89996,430.2,399.6,850.6,244.0,123.5,620.49994,440.80002,130.9,137.5,503.90002,437.1,110.5,184.7,230.79999,644.1,196.5,470.0,744.19995,282.2,474.2,839.8,247.6,198.70001,511.59998,227.90001,237.5,580.3,270.9792,690.921
198,177,海南白沙黎族山兰稻作文化系统,海南省白沙县青松乡拥处村,109.294,19.165,稻作农业系统,Rice farming system,RFS,659.3,377.80002,455.0,693.6,265.7,513.6,552.9,249.09999,513.5,583.2,625.60004,506.50003,464.00003,151.20001,630.9,552.19995,991.6,449.3,282.80002,261.3,633.5,626.7,327.7,751.0,492.09998,680.69995,295.1,687.6,447.3,716.5,478.19998,1061.3,530.89996,737.5,695.3,561.7,1031.3999,477.4,703.3,354.5,359.5,535.3,411.69998,378.65332,855.2206
199,178,重庆江津花椒栽培系统,重庆江津区先锋镇,106.299,29.214,林业和林果系统,Forestry and forestry products system,FFPS,114.600006,229.6,457.20004,395.19998,481.0,219.9,390.80002,322.7,347.69998,339.60004,213.6,134.9,344.2,303.6,251.3,317.5,252.9,430.30002,557.19995,464.9,276.8,96.399994,324.5,193.2,479.4,182.90001,163.1,391.0,167.70001,306.1,288.9,151.5,181.4,289.1,267.1,378.3,320.1,243.7,206.90001,151.5,275.6,369.2,252.00002,385.88943,413.81787
200,179,重庆荣昌猪养殖系统,重庆荣昌区广顺街道,105.52,29.372,畜牧水产系统,Livestock and aquaculture system,LAS,246.09999,260.5,271.4,564.19995,539.30005,540.4,583.6,310.3,311.0,370.40002,209.8,333.40002,88.9,231.7,421.30002,95.299995,399.19998,103.0,553.4,285.69998,299.5,118.6,195.20001,252.7,439.5,231.9,164.90001,379.7,153.3,264.90002,364.90002,168.8,337.5,326.1,422.7,404.8,254.1,168.3,223.5,102.899994,380.90002,148.2,143.9,582.0308,295.23346
201,180,四川北川苔子茶复合栽培系统,四川绵阳市北川县坝底乡茶马村,104.154,31.849,复合农业生产系统,Comprehensive agricultural production system,CAPS,616.39996,724.7999,531.4,479.8,423.80002,322.7,197.5,451.80002,495.7,343.19998,1030.9,368.4,831.1,604.8,373.4,616.3,496.09998,512.5,1076.9,375.90002,457.3,773.6,193.00002,623.5,264.3,451.59998,184.8,697.3999,723.2,526.2,682.99994,543.8,473.0,804.6,405.59998,306.2,376.2,303.1,599.0,408.3,1244.9,758.9,404.19998,210.44302,634.4925
202,181,四川高坪蚕桑文化系统,四川省南充市高坪区会龙镇硝厂村,106.348,30.853,蚕桑系统,Silkworm system,SS,704.1,239.0,385.1,395.7,417.09998,445.7,541.5,415.90002,275.0,465.5,363.1,412.5,343.5,581.3,457.3,454.0,379.40002,146.4,602.99994,429.0,563.0,146.2,338.8,398.9,193.4,584.9,180.6,447.3,328.8,328.69998,322.5,322.2,442.40002,231.5,305.5,329.1,352.40002,241.3,182.2,333.59998,268.19998,312.7,220.5,302.71402,219.72624
203,182,四川筠连山地茶文化系统,四川省宜宾市筠连县巡司镇银星村,104.545,28.08,茶文化系统,Tea culture system,TCS,326.3,392.0,352.3,668.89996,630.30005,504.59998,425.80002,350.2,264.0,446.0,430.7,620.0,458.8,283.30002,405.0,378.0,495.50003,445.9,514.8,414.8,368.9,413.00003,251.59999,93.0,309.69998,417.19998,364.30002,498.3,698.69995,453.69998,264.8,281.5,558.19995,745.0,212.20001,396.3,605.19995,388.5,327.9,191.4,425.2,380.40002,201.20001,218.51067,537.2229
204,183,贵州兴仁薏仁米栽培系统,贵州省黔西南州兴仁市下山镇,105.212,25.591,蔬菜瓜果系统,Vegetable and fruit system,VFS,265.6,229.69998,439.9,563.6,317.69998,286.1,475.1,243.3,279.6,192.40001,443.40002,201.2,381.59998,404.0,347.90002,278.4,388.30002,354.50003,239.5,509.1,167.2,652.6,490.49997,417.9,408.69998,258.90002,244.79999,515.2,441.09998,193.9,424.40002,98.7,248.29999,164.70001,433.40002,600.3,276.8,383.7,473.1,392.0,349.9,265.8,266.4,220.35884,573.1638
205,184,西藏芒康葡萄栽培系统,西藏自治区昌都市芒康县纳西民族乡,98.605,29.035,林业和林果系统,Forestry and forestry products system,FFPS,282.8,79.899994,212.79999,50.8,332.6,190.8,211.3,280.6,355.99997,260.40002,272.2,188.6,167.49998,108.7,207.1,158.5,138.9,141.8,244.7,165.0,252.5,113.0,266.4,75.8,172.90001,106.6,144.5,166.1,177.79999,160.0,360.30002,227.19998,30.6,182.0,186.4,151.9,57.0,126.2,99.2,108.5,138.5,202.90001,237.1,140.00078,100.73837
206,185,西藏工布江达藏猪养殖系统,西藏自治区林芝市工布江达县朱拉乡柳四朗村,93.477,30.243,畜牧水产系统,Livestock and aquaculture system,LAS,288.6,137.79999,121.5,73.299995,221.40001,271.8,84.200005,216.90001,148.6,211.20001,231.70001,257.5,146.0,163.9,80.3,168.20001,119.2,82.5,339.40002,154.39998,201.8,104.7,157.6,169.40001,149.70001,82.899994,90.4,101.9,160.59999,111.100006,227.9,196.59999,79.899994,136.9,230.5,135.9,111.0,110.9,199.09999,117.4,249.4,233.3,122.600006,263.9239,102.32788
207,186,陕西府谷海红果栽培系统,陕西省榆林市府谷县古城镇沙坪村,111.056,39.46,林业和林果系统,Forestry and forestry products system,FFPS,24.0,126.2,202.3,84.4,36.1,93.100006,47.3,167.0,132.5,116.5,92.399994,176.7,259.2,23.6,178.7,393.3,189.7,26.4,167.20001,57.5,30.9,170.1,103.8,105.5,148.3,43.6,26.4,190.79999,100.7,198.0,140.9,39.6,165.79999,210.4,50.5,57.7,212.5,110.9,190.59999,63.5,28.0,57.4,429.40002,73.273636,149.93022
208,187,青海三江源曲麻莱高寒游牧系统,青海省玉树藏族自治州曲麻莱县曲麻河乡措池村,94.945,34.849,畜牧水产系统,Livestock and aquaculture system,LAS,58.3,71.4,58.5,56.0,67.3,78.0,68.8,100.899994,99.8,206.40001,83.399994,67.0,140.8,87.899994,124.0,67.3,110.6,74.700005,74.6,44.899998,61.9,66.7,116.899994,48.300003,85.299995,138.5,44.2,138.5,98.5,147.1,135.40001,51.8,21.599998,66.1,127.600006,82.7,68.0,65.9,44.4,91.9,101.0,96.7,74.600006,177.17763,93.35387
209,188,宁夏平原引黄灌溉农业系统,宁夏吴忠市青铜峡市大坝镇韦桥村,105.999,37.954,水利灌溉系统,Water irrigation system,WIS,20.6,81.2,19.1,56.8,30.1,121.1,19.9,70.4,51.1,20.8,18.6,22.2,100.299995,34.6,103.200005,79.8,139.3,67.3,170.4,20.1,18.8,143.0,182.6,76.7,24.5,29.6,19.8,53.1,24.1,18.0,20.0,20.2,24.8,19.3,64.2,19.9,19.8,27.5,85.0,118.3,23.6,22.7,25.6,20.211542,96.776695
210,189,新疆叶城核桃栽培系统,新疆喀什地区叶城县河园镇,77.291,37.838,林业和林果系统,Forestry and forestry products system,FFPS,12.5,12.3,125.6,14.6,12.2,12.3,12.4,12.3,15.3,71.2,31.699999,12.2,47.1,12.4,12.1,15.4,43.8,12.3,17.4,12.4,12.7,23.1,97.8,16.7,41.3,16.1,13.5,13.3,12.0,12.1,46.4,34.4,12.5,88.2,12.9,35.800003,113.49999,13.8,96.5,12.7,14.7,64.700005,13.3,12.290298,12.647528
211,190,新疆昭苏草原马牧养系统,新疆维吾尔自治区伊犁哈萨克自治州昭苏县昭苏马场,81.001,43.098,畜牧水产系统,Livestock and aquaculture system,LAS,156.6,237.09999,133.2,113.5,131.7,144.7,100.899994,204.40001,196.29999,42.300003,70.3,163.8,139.4,223.0,155.8,128.8,182.8,128.70001,241.5,205.2,175.90001,149.3,135.4,100.2,123.59999,148.1,97.100006,173.6,58.8,68.8,59.5,164.3,96.0,131.9,140.4,181.09999,208.2,51.9,127.299995,148.5,110.8,63.9,161.2,116.06624,71.82567
