NUM,ID,Name,Cite,Lon,Lat,Type1,Type2,Type,1980,1981,1982,1983,1984,1985,1986,1987,1988,1989,1990,1991,1992,1993,1994,1995,1996,1997,1998,1999,2000,2001,2002,2003,2004,2005,2006,2007,2008,2009,2010,2011,2012,2013,2014,2015,2016,2017,2018,2019,2020,2021,2022,2023,2024,2025
26,1,河北宣化传统葡萄园,河北省张家口市宣化区春光乡,115.061,40.655,林业和林果系统,Forestry and forestry products system,FFPS,21.3,53.9,36.7,31.4,38.7,44.0,62.9,35.1,38.6,23.3,33.2,30.3,23.1,21.6,35.2,45.9,40.7,26.7,48.0,31.7,36.0,28.4,28.7,25.7,32.0,25.4,35.1,26.9,31.3,21.7,44.6,16.7,79.4,32.6,21.6,27.2,42.6,44.7,25.0,33.9,44.0,52.5,44.6,50.152466,49.434994,44.450413
27,2,内蒙古敖汉旱作农业系统,内蒙古赤峰市敖汉旗宝国吐乡,119.916,42.289,旱作农业系统,Dryland farming system,DFS,30.4,33.3,41.0,36.8,118.7,35.0,43.4,45.0,30.8,44.5,42.9,44.9,28.9,38.7,80.1,58.3,49.3,66.1,69.4,50.2,26.8,52.0,55.8,29.4,37.7,53.4,28.5,78.7,61.0,16.5,38.8,30.7,70.6,39.8,40.0,41.2,91.1,59.4,23.4,40.5,35.2,75.0,54.0,58.949802,34.604855,85.26408
28,3,辽宁鞍山南果梨栽培系统,辽宁省鞍山市千山区大孤山镇对桩石村,123.046,41.009,林业和林果系统,Forestry and forestry products system,FFPS,34.5,48.7,59.1,49.5,47.1,80.9,123.3,95.0,51.0,44.6,39.8,46.1,70.0,38.5,101.8,66.7,65.7,92.2,64.3,66.7,39.5,73.6,61.2,44.1,51.6,53.3,74.5,64.1,59.0,52.5,46.2,61.4,209.7,59.1,41.6,47.3,59.8,37.8,60.5,44.7,93.2,63.6,70.7,74.371544,77.06363,47.95599
29,4,辽宁宽甸柱参传统栽培体系,辽宁省丹东市宽甸满族自治县振江镇石柱子村,125.405,40.767,中药材花卉系统,Chinese medicinal herb and flower system,CMHFS,36.7,63.5,59.7,36.7,65.0,98.7,71.5,65.3,47.0,95.8,87.4,67.1,147.7,48.0,57.2,62.9,68.9,77.7,76.3,51.8,48.6,62.7,75.7,49.2,95.2,59.2,71.7,70.9,77.0,80.9,67.3,61.8,83.0,61.8,107.7,58.9,51.3,32.5,109.1,52.2,107.9,73.7,70.7,104.759544,97.98911,96.62457
30,5,江苏兴化垛田传统农业系统,江苏省泰州市兴化市垛田镇,119.856,32.932,土地利用系统,Land use system,LUS,93.4,68.6,85.2,88.9,70.3,89.5,77.8,78.2,96.1,95.1,105.7,135.0,61.8,84.2,67.9,141.0,65.6,50.6,59.4,114.9,105.6,58.7,54.4,81.2,48.5,46.8,65.9,59.3,45.0,67.8,136.7,75.1,93.1,48.6,88.6,73.0,127.7,77.1,52.4,44.9,83.6,125.5,102.5,76.99861,74.59572,79.44489
31,6,浙江青田稻鱼共生系统,浙江青田县方山乡龙现村,120.304,27.995,复合农业生产系统,Comprehensive agricultural production system,CAPS,90.8,58.2,182.5,96.5,139.4,92.6,50.0,97.1,191.3,79.5,115.8,48.8,139.4,124.9,199.4,89.0,131.0,113.2,94.9,98.9,101.2,72.9,160.7,68.7,161.0,246.7,170.2,119.5,124.3,159.8,74.8,123.6,68.1,217.9,104.4,154.5,146.0,97.8,47.7,109.1,67.7,53.1,77.8,74.997154,107.33641,67.86576
32,7,浙江绍兴会稽山古香榧群,浙江绍兴市柯桥区稽东镇,120.576,29.775,林业和林果系统,Forestry and forestry products system,FFPS,62.3,55.3,61.6,85.1,58.3,46.0,54.6,58.8,133.3,76.0,110.1,45.2,80.9,88.7,107.2,111.8,59.1,118.5,65.8,58.4,58.4,57.4,69.8,46.2,64.1,105.8,46.0,76.1,45.6,158.6,84.4,64.8,93.7,105.6,85.0,95.2,81.4,62.3,63.0,83.0,107.7,121.9,81.8,47.622684,64.28455,68.602974
33,8,福建福州茉莉花种植与茶文化系统,福建省福州市闽侯县上街镇侯官村,119.187,26.1,茶文化系统,Tea culture system,TCS,66.5,67.6,98.9,105.8,86.9,172.2,52.4,84.8,53.9,88.6,166.1,52.8,117.1,55.5,111.6,62.6,113.0,100.7,101.3,135.9,97.2,53.9,69.7,43.4,110.7,165.9,141.5,126.2,84.0,168.2,66.1,80.4,105.6,86.5,181.0,242.0,152.6,131.8,97.9,74.2,57.2,196.9,102.4,167.58609,103.16918,107.69804
34,9,福建尤溪联合梯田,福建省三明市尤溪县联合镇,118.227,26.373,稻作农业系统,Rice farming system,RFS,69.3,70.2,60.7,78.0,60.1,65.2,63.0,60.8,65.2,68.9,64.9,43.3,100.7,55.3,71.5,99.5,100.0,54.8,81.7,61.9,94.3,62.9,64.3,34.3,52.6,116.8,78.6,96.4,65.3,67.7,72.6,49.4,126.7,126.2,107.6,114.0,60.4,73.7,92.6,84.4,44.6,64.6,79.5,64.69916,110.22681,150.16629
35,10,江西万年稻作文化系统,江西万年县裴梅镇荷桥村山区,117.132,28.604,稻作农业系统,Rice farming system,RFS,71.1,80.8,140.9,107.0,129.9,87.3,65.1,86.6,90.5,127.7,131.0,66.2,112.6,116.0,117.3,113.1,94.7,86.1,150.4,121.1,77.4,66.6,93.5,100.7,88.4,151.5,87.5,147.6,79.6,104.9,92.5,83.3,104.2,90.3,77.3,93.1,86.7,100.8,194.2,87.7,138.1,84.3,106.1,91.82432,94.05203,79.50564
36,11,湖南新化紫鹊界梯田,湖南省娄底市新化县水车镇,110.992,27.679,稻作农业系统,Rice farming system,RFS,104.0,53.7,64.3,62.5,145.6,50.5,89.6,90.1,83.1,83.9,115.6,62.9,78.1,176.0,59.7,79.2,117.3,83.7,69.5,99.6,53.1,70.7,106.2,100.0,77.6,61.7,60.1,89.9,122.6,85.8,87.7,73.0,92.1,82.2,99.6,53.7,104.4,86.0,48.1,74.8,67.8,118.2,58.4,110.248764,108.407936,60.687866
37,12,云南红河哈尼稻作梯田系统,云南红河州哀牢山区,103.373,23.366,稻作农业系统,Rice farming system,RFS,47.3,91.0,31.5,98.3,65.2,51.4,51.1,31.5,46.4,54.5,84.8,40.3,74.4,49.8,48.1,30.2,63.8,42.0,35.1,57.5,38.3,37.8,60.6,130.5,55.4,78.1,52.6,40.3,50.0,46.9,37.3,34.0,58.0,49.8,77.2,53.3,44.2,97.2,35.7,69.7,35.7,57.3,36.1,55.531376,69.18827,38.37255
38,13,云南普洱古茶园与茶文化系统,云南普洱市惠民乡景迈村,99.996,22.218,茶文化系统,Tea culture system,TCS,74.5,116.3,59.8,42.9,60.1,88.2,33.5,43.6,60.5,41.8,55.1,78.2,41.4,44.8,41.0,53.8,70.3,39.1,40.7,47.3,51.3,44.2,41.9,34.4,37.2,26.4,50.6,34.0,92.0,62.5,41.3,31.6,84.3,44.8,64.5,67.3,33.8,55.8,35.8,52.5,42.6,41.4,105.0,53.125046,63.256653,83.497734
39,14,贵州从江侗乡稻鱼鸭系统,贵州从江县加榜乡加车村,108.573,25.59,复合农业生产系统,Comprehensive agricultural production system,CAPS,80.3,80.7,61.5,71.3,72.1,61.8,67.4,69.8,109.1,63.2,83.4,80.4,52.4,64.5,63.4,85.7,115.8,108.6,75.3,72.2,45.9,79.8,121.8,78.6,102.7,59.1,102.5,77.1,118.5,72.1,71.2,74.7,82.4,47.6,56.5,56.6,120.5,54.2,70.2,68.0,50.7,61.4,71.6,53.8653,65.724945,50.975056
40,15,陕西佳县古枣园,陕西省榆林市佳县朱家坬镇泥河沟村,110.494,38.187,林业和林果系统,Forestry and forestry products system,FFPS,38.8,42.3,56.9,25.7,89.3,77.4,56.4,32.1,45.7,34.4,38.1,67.4,73.4,70.8,54.0,68.5,58.2,36.7,59.7,33.3,38.9,77.5,53.5,60.4,62.9,46.2,68.5,41.5,31.3,60.0,52.0,62.5,80.2,59.7,21.7,40.0,68.6,48.3,60.7,47.1,48.0,40.3,93.4,38.495304,58.67918,54.530586
41,16,甘肃皋兰什川古梨园,甘肃省兰州市皋兰县什川镇,104.005,36.152,林业和林果系统,Forestry and forestry products system,FFPS,24.6,29.9,13.4,29.3,33.3,21.3,42.4,11.6,29.3,22.5,22.7,24.2,24.5,35.3,27.3,36.4,27.9,32.2,39.9,25.0,33.6,35.2,18.6,27.7,19.2,20.1,20.9,52.2,27.5,25.8,18.7,18.3,24.1,28.0,26.0,28.6,27.8,19.2,21.6,18.5,39.9,18.8,16.2,19.275755,26.658476,16.869038
42,17,甘肃迭部扎尕那农林牧复合系统,甘肃省甘南藏族自治州迭部县益哇镇扎尕那行政村,103.19,34.239,复合农业生产系统,Comprehensive agricultural production system,CAPS,29.3,19.3,15.1,35.0,25.3,29.7,27.7,16.7,29.5,28.0,42.0,25.0,20.4,28.0,35.5,34.0,37.4,22.6,31.6,24.6,18.0,39.9,29.1,30.4,29.7,22.7,43.1,30.6,25.7,20.5,22.4,24.6,39.5,28.7,30.5,34.2,18.7,19.0,28.7,27.7,29.6,24.1,29.7,24.938822,26.521683,41.722267
43,18,新疆吐鲁番坎儿井农业系统,新疆维吾尔自治区吐鲁番市高昌区新城西门村,89.143,42.944,水利灌溉系统,Water irrigation system,WIS,3.1,7.6,3.2,6.5,18.3,1.5,4.8,9.0,3.9,8.3,10.5,3.4,6.4,4.0,7.3,3.3,10.8,3.2,6.3,6.2,9.8,1.8,5.0,10.0,10.2,4.9,1.6,11.5,6.3,2.1,2.7,3.0,2.2,2.6,4.5,3.0,6.2,4.3,2.0,3.0,2.8,0.9,0.7,1.3775617,1.674968,2.0899177
44,19,天津滨海崔庄古冬枣园,天津市滨海新区大港太平镇崔庄村,117.233,38.629,林业和林果系统,Forestry and forestry products system,FFPS,94.1,129.3,57.9,144.2,83.0,43.9,74.7,70.2,58.7,49.6,43.6,51.1,36.1,47.3,72.9,77.7,79.6,87.0,104.2,23.1,67.2,53.1,27.7,85.7,55.0,54.0,29.6,41.9,51.9,49.4,57.0,61.4,67.2,103.1,33.9,51.8,64.0,53.7,152.7,98.0,106.7,119.1,63.7,49.122574,86.07469,69.44412
45,20,河北宽城传统板栗栽培系统,河北省承德市宽城满族自治县铧尖镇,118.547,40.342,林业和林果系统,Forestry and forestry products system,FFPS,60.6,77.3,53.2,77.6,92.4,54.1,62.6,140.0,40.0,96.0,98.4,72.0,82.6,45.9,85.7,68.8,93.5,46.9,91.9,41.5,62.9,51.3,38.1,52.9,60.6,53.2,45.3,41.9,46.2,34.1,65.5,54.9,120.4,36.5,47.0,43.4,178.4,93.9,39.9,43.1,72.7,70.5,89.0,44.415634,70.28678,50.414833
46,21,河北涉县旱作梯田系统,河北省邯郸市涉县井店镇王金庄村,113.829,36.59,旱作农业系统,Dryland farming system,DFS,66.5,44.2,49.8,104.5,87.7,67.0,38.1,39.5,51.9,43.7,50.9,43.1,38.6,81.9,59.9,76.7,92.3,42.4,66.8,57.2,192.7,61.8,35.1,61.9,26.9,53.1,68.3,41.3,44.4,51.4,44.8,56.2,40.5,60.8,55.9,55.4,121.0,28.9,44.7,32.0,52.7,246.1,53.4,92.18288,29.058384,31.386072
47,22,内蒙古阿鲁科尔沁草原游牧系统,内蒙古自治区赤峰市阿鲁科尔沁旗巴彦温都尔苏木,119.69,44.722,畜牧水产系统,Livestock and aquaculture system,LAS,61.0,52.2,25.3,31.4,50.0,38.0,36.3,75.6,49.6,35.8,60.5,68.7,56.9,31.4,37.7,33.4,50.1,38.7,50.3,31.6,20.1,38.6,58.1,26.0,30.8,43.8,17.5,58.0,31.0,19.3,33.1,50.4,38.8,34.7,35.5,27.6,25.4,35.7,45.3,55.9,39.3,82.4,53.6,25.340258,90.50254,32.860416
48,23,浙江杭州西湖龙井茶文化系统,浙江省杭州市西湖区西湖街道龙井村,120.102,30.221,茶文化系统,Tea culture system,TCS,73.7,52.2,78.4,98.1,77.5,54.0,75.2,85.4,116.2,68.5,124.9,57.3,77.2,118.9,102.3,86.8,89.8,129.5,105.6,90.3,59.6,46.8,51.7,80.8,66.5,87.2,54.4,100.1,61.4,56.0,114.0,93.5,68.6,101.5,74.1,77.6,71.3,75.8,35.7,80.7,75.4,80.1,58.9,68.4996,73.08313,82.21401
49,24,浙江湖州桑基鱼塘系统,浙江省湖州市南浔区和孚镇荻港村,120.154,30.757,复合农业生产系统,Comprehensive agricultural production system,CAPS,81.2,101.5,88.0,102.2,131.3,73.6,94.3,64.5,51.3,76.9,138.4,110.1,60.4,94.1,99.7,79.1,115.9,70.1,89.8,138.4,64.3,84.9,58.6,40.9,64.9,90.0,61.8,99.4,57.3,65.0,95.2,106.8,131.1,67.1,70.8,44.0,87.8,66.7,44.4,95.6,77.0,128.4,61.8,90.78535,103.599464,108.60064
50,25,浙江庆元香菇文化系统,浙江省丽水市庆元县百山祖镇,119.18,27.738,复合农业生产系统,Comprehensive agricultural production system,CAPS,61.8,67.2,122.6,87.9,69.0,59.6,48.1,54.6,82.8,85.4,88.9,64.9,163.9,65.1,145.5,121.2,83.2,83.9,150.5,93.9,100.2,66.0,163.4,109.8,84.4,96.1,101.7,65.5,97.7,95.1,69.3,42.9,66.2,96.3,124.5,114.0,58.4,254.7,48.0,105.6,50.0,62.4,61.1,96.19216,76.35968,50.84856
51,26,福建安溪铁观音茶文化系统,福建省泉州市安溪县西坪镇,117.944,25.022,茶文化系统,Tea culture system,TCS,95.0,71.7,108.2,114.7,66.8,81.3,90.3,81.4,59.3,79.3,130.1,57.3,109.4,112.1,96.7,137.3,162.8,92.6,112.2,105.3,211.5,65.4,76.8,103.1,59.3,134.0,152.5,88.3,85.9,97.3,74.0,71.3,54.0,107.4,84.2,73.5,108.1,108.3,55.3,68.7,58.6,53.6,84.2,99.427,101.84134,64.80805
52,27,江西崇义客家梯田系统,江西省赣州市崇义县上堡乡水南村,114.047,25.769,稻作农业系统,Rice farming system,RFS,70.1,86.2,65.2,56.0,75.3,51.3,108.4,72.0,58.1,62.1,51.7,103.0,73.3,107.0,70.2,93.4,89.3,99.3,81.2,51.8,170.6,59.4,180.4,74.5,72.0,56.0,88.2,145.1,88.7,69.6,62.1,43.9,115.0,80.8,52.4,49.7,93.0,47.0,81.3,70.1,56.0,60.0,60.7,64.986595,101.2503,44.28822
53,28,山东夏津黄河故道古桑树群,山东省德州市夏津县苏留庄镇,116.135,37.092,林业和林果系统,Forestry and forestry products system,FFPS,57.9,78.9,47.2,71.8,99.9,54.8,61.7,61.8,52.8,45.2,86.2,55.7,54.0,257.8,89.2,60.9,66.4,57.8,49.6,59.0,87.7,61.7,35.9,100.0,74.4,58.5,71.5,54.8,52.0,86.2,51.1,42.7,46.1,35.1,79.8,23.5,86.7,38.9,72.8,65.7,93.1,78.1,90.3,38.385212,106.70982,32.9737
54,29,湖北赤壁羊楼洞砖茶文化系统,湖北省咸宁市赤壁市羊楼洞古镇,113.743,29.543,茶文化系统,Tea culture system,TCS,72.6,92.8,86.2,96.8,62.8,117.0,72.4,59.8,70.8,61.8,104.0,156.5,73.5,60.5,57.5,172.2,109.0,55.6,182.7,77.8,70.6,70.1,76.5,120.0,58.8,94.0,59.8,63.8,56.2,56.0,78.4,64.1,55.9,67.9,78.3,74.6,168.1,104.3,63.9,51.6,60.5,66.1,49.6,77.61875,92.0749,78.43952
55,30,湖南新晃侗藏红米种植系统,湖南省怀化市新晃侗族自治县扶罗镇,109.138,27.191,稻作农业系统,Rice farming system,RFS,66.9,50.6,55.8,53.1,61.9,50.7,91.0,92.4,74.0,84.6,79.3,72.5,106.2,50.6,81.2,61.7,65.5,81.3,84.3,94.9,60.7,52.3,79.5,98.0,106.2,54.9,65.4,73.0,55.5,51.4,79.6,46.3,63.8,49.9,54.4,54.9,57.2,93.4,46.5,62.8,68.5,41.0,44.5,56.2974,62.402344,76.008316
56,31,广东潮安凤凰单丛茶文化系统,广东省潮州市潮安区凤凰镇乌岽村,116.654,23.955,茶文化系统,Tea culture system,TCS,67.6,79.6,89.8,97.0,61.6,153.5,216.9,100.6,74.3,71.2,211.3,83.8,90.9,138.4,137.9,89.8,64.1,114.7,79.2,62.1,105.7,100.8,47.1,85.4,49.2,138.8,138.4,73.2,63.9,51.4,93.4,76.0,52.9,90.2,51.4,76.0,55.7,88.8,53.9,49.1,87.8,61.0,113.0,80.31363,98.04542,112.60215
57,32,广西龙胜龙脊梯田系统,广西桂林市龙胜各族自治县龙脊镇,110.068,25.735,稻作农业系统,Rice farming system,RFS,100.3,196.1,76.9,111.2,118.7,86.8,118.9,152.9,60.8,92.1,122.8,113.6,104.4,109.9,235.5,86.2,107.5,132.5,156.6,160.9,111.0,90.9,124.9,121.1,97.7,100.5,92.0,80.4,124.3,82.3,96.9,55.7,72.4,92.2,111.6,86.8,91.3,87.4,84.4,110.3,106.7,79.5,86.2,110.99571,136.12363,111.29513
58,33,四川江油辛夷花传统栽培体系,四川省绵阳市江油市大康镇旱丰村,104.65,31.845,中药材花卉系统,Chinese medicinal herb and flower system,CMHFS,50.9,98.8,80.0,124.5,78.1,63.3,33.9,119.3,46.5,52.8,71.2,63.6,79.3,80.5,39.1,57.1,57.6,62.7,267.8,46.5,75.4,118.4,49.3,88.3,57.7,62.6,38.4,99.1,77.7,69.3,49.4,64.2,215.6,100.2,63.4,76.9,40.7,92.4,129.3,65.9,130.7,192.9,47.7,40.245853,110.370544,58.740875
59,34,云南广南八宝稻作生态系统,云南省文山州广南县八宝镇,105.432,23.746,稻作农业系统,Rice farming system,RFS,58.5,58.0,52.3,53.8,61.4,69.7,61.9,36.2,53.5,49.6,64.8,51.2,103.7,68.7,68.3,41.6,63.8,52.5,47.6,46.6,43.7,122.4,63.2,45.7,26.8,55.2,64.2,44.2,103.0,34.0,60.2,52.0,60.7,68.4,94.1,91.1,49.7,72.8,69.0,39.6,63.5,58.6,85.7,82.635124,112.17273,119.22487
60,35,云南剑川稻麦复种系统,云南省大理州剑川县剑湖周边金华镇,99.912,26.537,稻作农业系统,Rice farming system,RFS,31.9,27.9,35.2,36.5,31.8,42.1,40.4,30.1,27.5,70.8,30.4,40.5,36.5,35.3,33.5,40.3,47.8,27.9,47.9,38.6,29.1,40.1,39.3,48.0,42.6,41.3,25.0,30.3,33.0,35.8,34.2,39.7,32.2,38.6,35.3,43.2,42.9,35.0,38.8,30.1,64.1,24.7,37.5,37.091537,41.299965,56.417065
61,36,甘肃岷县当归种植系统,甘肃省定西市岷县梅川镇西坝村,104.024,34.574,中药材花卉系统,Chinese medicinal herb and flower system,CMHFS,28.7,24.3,25.3,36.1,25.2,36.6,42.2,23.0,46.7,29.2,51.4,26.5,27.6,40.3,43.9,36.2,37.7,33.2,49.3,20.0,24.3,39.4,35.5,36.5,31.6,39.8,59.8,33.9,27.2,20.7,31.5,30.5,46.7,33.3,29.8,34.8,22.2,64.2,30.4,22.5,35.9,44.0,32.8,29.52388,43.166965,41.64987
62,37,宁夏灵武长枣种植系统,宁夏回族自治区银川市灵武市东塔镇果园村,106.359,38.084,林业和林果系统,Forestry and forestry products system,FFPS,13.0,39.7,17.3,31.0,26.3,41.3,16.0,44.9,31.1,25.7,20.5,19.3,40.7,43.2,26.0,42.3,50.7,31.2,55.3,19.5,23.6,42.7,30.8,29.5,21.5,25.9,20.1,38.5,22.3,15.4,20.3,21.1,26.4,17.1,28.8,22.2,32.5,28.0,61.0,56.5,21.2,18.1,19.7,11.639964,57.573483,24.296135
63,38,新疆哈密市哈密瓜栽培与贡瓜文化系统,新疆维吾尔自治区哈密市伊州区花园乡,93.476,42.747,蔬菜瓜果系统,Vegetable and fruit system,VFS,4.4,11.2,4.0,4.5,10.2,5.3,3.9,9.2,10.5,20.2,9.2,3.8,9.1,9.4,6.1,5.7,18.3,7.6,11.4,8.5,7.5,10.7,10.5,11.8,4.7,13.4,4.0,18.2,12.9,7.2,8.0,4.7,11.3,5.5,2.3,10.9,5.4,7.2,15.1,5.6,3.9,6.6,3.5,4.1760206,9.835124,5.740452
64,39,北京平谷四座楼麻核桃生产系统,北京市平谷区熊儿寨乡,117.128,40.284,林业和林果系统,Forestry and forestry products system,FFPS,36.8,55.9,42.2,72.8,83.2,67.1,80.6,113.6,34.8,51.9,95.9,81.6,78.3,35.7,103.7,75.1,66.3,39.5,118.2,30.1,74.1,46.8,38.2,46.4,70.2,51.7,35.4,42.4,42.7,33.7,72.6,59.7,84.9,45.5,32.4,30.1,110.4,40.0,54.4,54.8,51.1,100.5,56.1,32.84992,171.43648,65.73376
65,40,北京京西稻作文化系统,北京市海淀区上庄镇,116.209,40.095,稻作农业系统,Rice farming system,RFS,37.2,75.9,67.2,66.1,89.8,43.2,128.0,45.2,50.3,80.7,79.1,60.0,46.0,30.7,143.8,83.8,93.5,30.2,75.8,28.5,86.9,66.2,27.7,56.2,58.4,89.1,64.6,39.8,34.1,44.4,46.1,86.3,67.5,49.5,44.9,40.6,156.5,62.1,55.6,34.8,66.0,110.6,63.1,96.5341,94.54264,67.80928
66,41,辽宁桓仁京租稻栽培系统,辽宁省本溪市桓仁满族自治县桓仁镇,125.31,41.302,稻作农业系统,Rice farming system,RFS,33.1,58.4,70.4,53.6,62.3,54.3,75.2,50.7,74.2,71.2,84.3,39.2,120.4,35.3,63.9,75.6,128.6,79.8,82.3,50.8,63.7,54.5,90.8,40.5,58.1,62.1,94.5,57.4,70.2,88.4,62.0,57.8,84.7,93.9,43.2,82.0,44.6,55.7,89.4,66.3,87.1,65.1,71.1,85.8964,142.84705,93.158394
67,42,吉林延边苹果梨栽培系统,吉林省延边州龙井市老头沟镇小箕村,129.135,42.884,林业和林果系统,Forestry and forestry products system,FFPS,39.9,38.3,74.2,29.4,33.6,39.5,79.9,63.6,63.9,77.3,50.9,46.9,48.0,38.5,56.9,75.7,33.3,36.0,38.8,35.1,85.9,57.0,48.4,31.2,43.5,33.3,39.0,53.4,47.1,47.2,60.1,29.5,70.7,56.9,25.3,50.8,88.8,46.4,54.7,49.1,85.2,46.9,61.8,58.828827,35.296215,49.60752
68,43,黑龙江抚远赫哲族鱼文化系统,黑龙江省佳木斯市抚远市抓吉赫哲族村,134.645,48.169,畜牧水产系统,Livestock and aquaculture system,LAS,51.4,52.4,48.9,39.7,41.5,68.2,29.1,45.9,42.7,51.9,96.3,66.7,39.5,51.9,63.5,52.1,36.8,86.8,35.1,69.1,70.6,26.4,46.5,28.5,28.0,32.1,48.2,41.5,36.2,40.7,86.5,58.7,38.5,30.0,60.6,60.7,36.2,39.4,69.6,46.4,43.6,29.0,73.1,34.34621,18.485754,38.2624
69,44,黑龙江宁安响水稻作文化系统,黑龙江省牡丹江市宁安市渤海镇,129.162,44.119,稻作农业系统,Rice farming system,RFS,49.8,33.4,62.9,33.1,28.9,31.4,41.2,67.5,58.9,45.9,83.3,48.5,69.3,31.3,69.4,30.9,49.9,43.1,41.8,53.8,67.5,65.2,28.5,25.5,39.5,51.7,25.4,45.7,39.3,32.2,47.4,14.2,53.8,38.1,22.0,33.5,38.8,40.1,65.7,82.2,50.4,58.4,44.2,49.289314,51.369602,34.583374
70,45,江苏泰兴银杏栽培系统,江苏省泰州市泰兴市宣堡镇,119.989,32.298,林业和林果系统,Forestry and forestry products system,FFPS,86.2,126.1,70.9,159.2,159.0,62.5,102.1,81.2,81.4,59.1,96.8,111.8,71.4,106.5,81.3,103.6,81.5,43.4,86.1,152.9,65.7,44.2,147.2,60.3,81.2,58.4,53.3,82.3,55.2,84.7,56.8,57.2,67.7,89.1,54.6,118.8,87.8,68.9,54.5,54.8,71.4,124.7,55.1,88.0467,86.45971,87.66118
71,46,浙江仙居杨梅栽培系统,浙江省台州市仙居县横溪程岙,120.431,28.769,林业和林果系统,Forestry and forestry products system,FFPS,49.2,48.1,97.0,68.1,54.7,70.0,54.8,73.0,102.5,353.4,92.6,45.2,128.7,70.9,168.8,101.2,40.1,166.6,101.1,80.6,69.9,49.2,85.1,125.0,218.0,113.7,86.1,87.8,65.2,145.8,73.7,54.0,82.4,106.0,71.0,78.3,51.5,50.2,70.0,125.0,115.1,69.1,79.9,64.5677,65.93436,33.312847
72,47,浙江云和梯田农业系统:,浙江省丽水市云和县崇头镇,119.488,28.059,稻作农业系统,Rice farming system,RFS,71.1,51.5,119.4,84.1,121.0,56.0,54.4,68.0,118.2,82.6,48.9,61.1,122.7,95.7,153.3,73.4,80.7,103.1,120.4,79.2,95.6,79.3,87.9,64.3,126.1,129.4,85.0,65.6,62.3,92.5,67.3,54.7,61.8,137.2,118.1,102.8,95.8,130.6,93.9,78.7,39.9,69.4,55.3,59.482933,68.19909,56.546158
73,48,安徽寿县芍陂(安丰塘)及灌区农业系统,安徽省淮南市寿县安丰塘镇,116.674,32.327,水利灌溉系统,Water irrigation system,WIS,97.4,72.8,52.4,93.1,94.8,62.5,123.7,73.8,75.3,77.0,42.7,111.4,40.6,50.6,47.7,96.7,57.6,45.5,63.7,44.3,54.1,36.6,148.4,89.2,50.0,50.6,47.8,66.7,54.8,82.8,62.1,79.4,43.5,92.8,62.5,114.6,178.2,68.3,82.2,43.5,73.8,52.4,52.6,68.904785,85.939575,83.30743
74,49,安徽休宁山泉流水养鱼系统,安徽省黄山市休宁县板桥乡,117.948,29.61,畜牧水产系统,Livestock and aquaculture system,LAS,82.4,77.4,130.6,113.8,116.4,97.5,69.9,63.1,77.0,97.8,168.5,52.5,97.8,147.9,137.1,109.4,82.2,194.4,116.4,157.6,74.6,51.1,110.1,91.3,111.5,54.0,63.3,57.2,82.1,180.7,81.1,78.4,84.8,132.3,76.5,69.5,81.8,134.2,54.5,104.8,98.4,69.9,88.5,80.314926,132.16885,71.541
75,50,山东枣庄古枣林,山东省枣庄市山亭区店子镇,117.36,35.275,林业和林果系统,Forestry and forestry products system,FFPS,64.7,46.0,41.8,76.3,124.6,77.3,47.6,75.8,56.1,71.3,140.4,46.3,63.5,79.5,45.0,110.7,62.6,84.5,83.6,81.7,59.2,42.6,49.5,93.8,76.6,100.0,52.5,88.6,61.0,65.2,95.7,102.6,56.3,81.8,47.0,53.7,110.6,49.8,59.4,43.2,106.5,84.2,80.3,51.29063,110.0576,40.05046
76,51,山东乐陵枣林复合系统,山东省德州市乐陵市朱集镇,117.265,37.785,林业和林果系统,Forestry and forestry products system,FFPS,55.9,76.9,25.5,55.2,54.6,57.7,57.2,67.0,73.3,39.6,64.3,53.2,38.2,53.1,95.7,39.7,50.7,83.5,91.7,59.4,57.7,61.0,31.3,117.0,48.7,38.9,39.1,50.1,34.4,69.2,56.5,61.4,74.9,87.1,42.9,35.2,42.5,35.7,193.6,136.2,51.7,93.4,60.9,30.54961,148.20181,55.25081
77,52,河南灵宝川塬古枣林,河南省三门峡市灵宝市大王镇,111.018,34.658,林业和林果系统,Forestry and forestry products system,FFPS,47.7,68.7,93.7,43.1,48.2,51.7,38.8,41.1,36.4,45.3,42.5,69.7,114.6,41.9,67.9,55.6,43.1,38.7,42.8,115.7,108.4,50.5,69.9,66.1,40.4,33.0,46.8,84.3,45.7,38.5,41.7,51.6,43.9,74.2,46.0,60.4,59.9,38.5,47.3,39.6,45.6,55.0,35.5,44.799236,135.20541,58.4614
78,53,湖北恩施玉露茶文化系统,湖北省恩施土家族苗族自治州恩施市芭蕉侗族乡黄连溪村,109.363,30.087,茶文化系统,Tea culture system,TCS,63.2,52.8,143.3,127.3,91.5,57.4,60.7,86.3,63.7,86.8,75.8,61.4,80.2,77.8,69.0,89.5,97.1,51.4,102.7,91.3,57.9,42.7,68.9,59.8,65.1,47.5,40.3,70.9,107.7,89.1,87.1,72.8,71.4,64.8,54.5,112.6,82.4,64.0,103.5,48.9,74.7,65.4,51.9,58.15761,62.16228,58.63908
79,54,广西隆安壮族“那文化”稻作文化系统,广西南宁市隆安县南圩镇,107.666,23.128,稻作农业系统,Rice farming system,RFS,82.2,74.9,140.1,107.6,95.2,92.8,74.5,59.7,139.9,54.6,62.6,54.5,54.7,69.8,61.3,90.3,72.5,44.4,50.8,50.5,64.1,106.8,72.3,75.2,63.9,95.7,80.9,44.5,114.6,68.0,110.1,184.0,101.4,112.3,85.9,107.4,97.5,58.7,116.5,66.9,133.9,71.0,80.2,105.072945,80.87605,112.68854
80,55,四川苍溪雪梨栽培系统,广元市苍溪县陵江镇,105.934,31.727,林业和林果系统,Forestry and forestry products system,FFPS,90.3,110.9,158.0,127.8,187.2,58.2,60.3,163.8,53.2,87.7,86.7,61.3,153.5,186.6,49.1,76.4,191.7,35.8,121.2,70.6,127.5,79.9,50.2,103.2,123.2,79.2,43.3,123.3,166.3,131.6,52.9,63.6,68.2,61.9,85.8,80.1,54.9,67.4,59.9,91.3,111.6,103.6,77.9,65.34833,81.304,92.35132
81,56,贵州花溪古茶树与茶文化系统,贵州省贵阳市花溪区久安乡,106.587,26.52,茶文化系统,Tea culture system,TCS,44.2,47.7,50.1,43.6,80.3,47.6,49.1,51.5,65.8,45.4,54.6,66.9,32.4,45.1,43.9,50.3,65.2,59.9,47.4,66.5,44.3,35.9,56.1,70.6,59.8,38.7,44.4,49.4,52.2,47.2,60.1,41.0,41.4,50.3,46.5,56.0,44.4,73.8,49.5,50.5,62.2,59.4,36.7,55.396896,76.34103,50.45967
82,57,云南双江勐库古茶园与茶文化系统,云南省临沧市双江县勐库,99.883,23.619,茶文化系统,Tea culture system,TCS,29.5,46.4,62.0,56.6,50.5,63.1,57.7,62.9,62.8,60.6,64.9,44.6,45.3,45.4,33.6,41.0,43.2,72.0,51.9,46.2,57.2,56.4,37.8,26.4,72.3,37.3,66.4,48.6,34.0,40.4,42.2,29.7,67.8,57.7,68.3,66.4,44.7,94.9,46.8,53.9,54.0,47.0,48.0,87.98446,40.84077,59.51994
83,58,甘肃永登苦水玫瑰农作系统,甘肃省兰州市永登县苦水镇,103.431,36.272,中药材花卉系统,Chinese medicinal herb and flower system,CMHFS,21.8,20.5,15.0,21.1,17.5,30.4,32.3,11.4,72.7,17.7,22.5,16.7,21.5,42.2,44.5,28.9,21.0,28.0,34.3,23.8,29.2,24.7,21.6,32.3,16.4,19.3,21.2,30.1,25.5,34.9,22.4,17.8,24.5,22.4,29.4,13.0,40.0,15.4,22.5,21.7,17.0,31.6,17.8,19.505531,36.705215,19.69186
84,59,宁夏中宁枸杞种植系统,宁夏中卫市中宁县舟塔乡潘营村,105.605,37.48,中药材花卉系统,Chinese medicinal herb and flower system,CMHFS,16.5,50.1,19.6,19.3,30.1,87.7,19.8,49.1,17.7,23.7,28.4,27.8,29.4,19.7,46.7,36.5,84.1,25.5,48.5,23.8,12.5,38.0,33.1,29.4,19.2,26.9,21.2,38.1,16.6,13.2,22.1,25.2,24.7,17.4,28.3,20.6,17.6,29.6,40.7,42.1,28.8,15.5,15.0,16.785204,41.72161,35.308815
85,60,新疆奇台旱作农业系统,新疆维吾尔自治区昌吉州奇台县东湾,89.386,43.963,旱作农业系统,Dryland farming system,DFS,11.6,14.1,10.8,15.4,17.2,11.5,12.5,50.4,15.8,18.5,17.4,11.3,13.1,19.9,21.1,16.1,19.7,10.8,29.6,19.2,14.3,12.3,22.3,19.3,16.3,29.8,19.0,26.2,12.3,16.4,10.3,11.7,14.3,23.0,14.6,18.7,26.0,23.7,16.0,13.7,9.8,18.6,9.3,9.701925,38.441063,24.419397
86,61,河北迁西板栗复合栽培系统,河北省唐山市迁西县汉儿庄镇,118.216,40.365,林业和林果系统,Forestry and forestry products system,FFPS,47.6,66.7,53.9,67.0,95.9,54.3,42.6,149.1,48.2,69.6,105.0,60.4,71.2,44.6,75.5,78.8,77.8,40.9,84.4,34.6,56.6,54.9,33.0,41.3,61.5,42.8,43.5,32.5,41.1,31.0,68.4,46.9,120.8,56.6,48.0,27.0,176.2,104.1,46.0,41.6,76.3,75.2,95.4,37.003452,78.137024,46.224194
87,62,河北兴隆传统山楂栽培系统,河北省承德市兴隆县六道河镇,117.32,40.397,林业和林果系统,Forestry and forestry products system,FFPS,43.1,53.5,42.1,74.1,94.5,65.9,69.2,127.6,38.2,49.7,112.5,85.1,80.4,41.5,97.2,72.8,64.5,39.9,105.1,29.5,75.4,57.8,42.6,43.7,76.4,54.4,33.5,35.5,40.1,37.4,72.6,50.6,89.9,48.7,30.0,27.0,111.8,38.5,60.7,61.5,59.4,109.1,57.0,37.846764,185.70392,57.6884
88,63,山西稷山板枣生产系统,山西省运城市稷山县稷峰镇,110.978,35.604,林业和林果系统,Forestry and forestry products system,FFPS,77.7,56.8,98.5,54.3,40.7,81.0,26.1,61.3,51.9,41.9,73.2,33.1,43.1,41.5,43.0,68.4,54.2,68.6,44.1,64.8,48.9,62.1,36.8,64.5,44.5,38.9,27.3,39.0,30.5,33.0,42.4,65.2,30.5,38.6,49.4,32.3,60.5,34.9,46.5,39.1,38.1,83.9,60.7,33.68734,61.558304,36.79131
89,64,内蒙古伊金霍洛农牧生产系统,内蒙古自治区鄂尔多斯市伊金霍洛旗伊金霍洛镇,109.795,39.342,复合农业生产系统,Comprehensive agricultural production system,CAPS,18.8,26.6,75.2,27.2,49.8,38.8,43.8,68.7,45.5,39.2,38.8,39.9,55.6,18.1,46.1,51.8,61.6,68.2,38.1,32.2,23.6,80.4,56.9,36.4,45.9,42.4,29.8,79.0,72.7,86.6,23.6,20.2,36.8,37.4,45.8,33.0,59.0,73.5,44.2,58.5,22.2,25.0,75.0,29.686733,60.024857,85.03933
90,65,吉林柳河山葡萄栽培系统,吉林省通化市柳河县柳河镇,125.732,42.288,林业和林果系统,Forestry and forestry products system,FFPS,38.2,81.2,59.8,53.7,68.2,119.3,63.0,45.4,71.1,68.4,64.8,36.1,55.7,31.0,57.6,116.6,93.0,66.8,50.4,65.1,42.1,79.7,52.1,51.4,85.3,67.3,58.9,57.8,50.8,57.8,62.0,58.2,82.2,87.3,44.8,32.7,65.8,29.2,56.3,69.6,77.1,102.8,52.9,56.079655,67.20133,62.126606
91,66,江苏高邮湖泊湿地农业系统,江苏省扬州市高邮市界首镇,119.42,33.005,复合农业生产系统,Comprehensive agricultural production system,CAPS,66.7,66.1,125.5,100.6,69.6,80.3,65.6,86.3,133.5,69.4,60.9,119.7,63.4,90.8,72.4,144.9,72.9,61.7,55.0,42.7,106.8,33.9,52.9,75.9,53.8,53.6,66.3,58.2,48.3,86.7,137.5,90.0,93.9,43.7,81.9,50.6,129.3,74.2,82.1,42.3,67.3,126.7,62.9,99.04048,58.589172,133.34103
92,67,江苏无锡阳山水蜜桃栽培系统,江苏省无锡市惠山区阳山镇,120.083,31.577,林业和林果系统,Forestry and forestry products system,FFPS,88.7,159.5,52.8,110.5,151.9,87.5,56.5,52.1,82.7,62.8,119.4,123.7,88.5,81.0,39.4,87.2,56.0,62.1,58.3,98.2,81.1,108.1,125.9,58.3,59.6,111.3,75.6,55.7,72.7,74.1,58.6,55.9,120.6,107.9,39.5,109.3,89.1,38.8,45.9,79.2,134.2,123.4,74.7,46.0885,85.21621,98.72524
93,68,浙江德清淡水珍珠传统养殖与利用系统,浙江省湖州市德清县阜溪街道龙胜村,120.016,30.613,畜牧水产系统,Livestock and aquaculture system,LAS,78.6,85.1,125.9,102.6,114.9,59.0,74.3,60.1,71.1,89.3,139.5,124.5,91.8,109.5,117.5,79.5,115.8,86.5,100.5,111.8,73.0,64.6,45.9,45.5,71.6,88.4,50.1,128.2,66.9,62.6,100.7,94.2,121.0,82.4,63.9,53.6,88.9,94.3,41.0,78.6,62.2,113.0,73.7,83.1868,87.25225,83.74196
94,69,安徽铜陵白姜种植系统,安徽省铜陵市天门镇,117.835,30.834,蔬菜瓜果系统,Vegetable and fruit system,VFS,74.1,72.7,83.9,108.7,101.1,80.6,99.3,67.6,65.6,108.4,113.9,105.5,74.6,88.1,85.0,102.9,74.5,50.5,143.3,132.1,77.7,80.8,70.3,56.4,60.1,57.0,66.2,152.8,81.0,60.3,151.4,163.9,88.1,133.8,55.4,66.2,104.6,37.7,54.1,79.7,110.1,50.9,75.3,40.044136,75.154976,77.97357
95,70,安徽黄山太平猴魁茶文化系统,安徽省黄山市黄山区新明乡猴坑村,118.197,30.371,茶文化系统,Tea culture system,TCS,74.7,108.3,81.4,102.6,86.8,67.9,92.7,62.1,74.4,92.4,103.5,107.1,95.9,120.7,155.8,114.9,76.9,108.1,95.8,106.6,72.6,84.7,96.2,102.7,75.6,47.2,66.3,67.7,75.0,74.5,113.9,162.7,77.0,131.5,67.3,103.4,84.5,115.9,52.0,125.9,116.8,115.9,54.5,77.002235,84.8575,75.246216
96,71,福建福鼎白茶文化系统,福建省宁德市福鼎市点头镇,120.179,27.235,茶文化系统,Tea culture system,TCS,82.1,71.4,151.3,69.5,133.3,132.7,59.2,118.4,213.2,69.1,128.7,78.6,130.7,106.5,130.7,88.8,136.9,124.0,51.2,79.1,85.8,114.9,136.0,82.4,123.8,227.7,108.0,124.4,162.7,153.1,59.2,90.5,75.8,148.9,157.3,164.0,104.7,107.1,90.3,97.3,44.4,97.6,82.2,96.684494,164.24959,146.0312
97,72,江西南丰蜜橘栽培系统,江西省抚州市南丰县琴城镇水南村,116.52,27.201,林业和林果系统,Forestry and forestry products system,FFPS,84.3,58.4,58.5,123.9,79.9,66.4,88.7,57.3,80.3,64.6,58.2,62.7,102.7,59.6,84.7,99.7,72.6,67.1,92.3,145.5,73.5,102.1,88.5,83.0,76.6,186.1,77.2,71.3,70.4,73.2,79.2,54.3,90.7,56.2,67.9,99.4,83.7,73.6,56.8,83.9,51.1,81.0,85.7,62.09482,85.028534,64.85418
98,73,江西广昌莲作文化系统,江西省抚州市广昌县姚西村,116.298,26.545,蔬菜瓜果系统,Vegetable and fruit system,VFS,120.8,89.9,49.0,61.7,53.0,66.9,102.7,58.8,81.5,73.0,83.1,49.9,110.7,74.0,99.0,110.3,101.7,60.6,96.3,95.7,85.0,109.9,90.6,64.9,58.8,138.1,88.5,76.0,174.6,63.9,83.3,57.3,70.8,51.6,37.9,44.1,88.4,60.4,66.6,73.8,53.0,42.9,57.5,57.950027,93.000885,61.69346
99,74,山东章丘大葱栽培系统,山东省济南市章丘区绣惠街道王金村,117.481,36.83,蔬菜瓜果系统,Vegetable and fruit system,VFS,61.1,38.1,29.9,66.8,50.2,89.6,50.0,58.4,34.7,43.5,87.5,116.2,71.1,67.3,103.2,126.9,47.2,79.6,62.5,62.5,150.3,45.9,38.7,57.3,78.8,47.2,43.1,79.5,65.9,76.9,53.4,52.7,75.7,42.4,69.5,36.1,32.9,60.1,82.0,151.7,100.7,74.5,66.0,90.749664,51.61598,61.002934
100,75,河南新安传统樱桃种植系统,河南省洛阳市新安县五头镇,112.225,34.765,林业和林果系统,Forestry and forestry products system,FFPS,76.2,59.8,162.1,83.6,59.6,38.1,39.4,132.8,64.8,39.6,52.9,43.1,58.3,56.2,64.8,78.3,50.0,38.4,74.5,75.6,82.4,40.3,47.5,67.4,48.6,46.7,54.6,54.1,45.4,51.0,56.2,51.2,96.6,63.9,39.0,40.2,42.0,33.6,30.0,44.9,39.9,127.5,45.9,58.20131,86.72178,45.99658
101,76,湖南新田三味辣椒种植系统,湖南省永州市新田县陶岭镇,112.328,25.739,蔬菜瓜果系统,Vegetable and fruit system,VFS,39.7,120.2,213.0,43.9,90.1,66.7,55.4,59.8,39.1,47.4,62.8,35.1,61.8,47.7,199.3,73.5,62.8,83.5,76.6,34.8,35.9,49.2,129.3,61.6,78.4,60.4,111.9,79.3,79.9,52.0,44.8,31.2,62.2,82.5,71.4,58.2,81.6,124.3,45.2,43.7,54.6,45.2,58.7,78.28418,103.25169,53.24464
102,77,湖南花垣子腊贡米复合种养系统,湖南省湘西土家族苗族自治州花垣县石栏镇子腊村,109.384,28.389,复合农业生产系统,Comprehensive agricultural production system,CAPS,78.8,48.2,52.9,67.5,84.6,64.8,115.1,84.2,100.7,72.9,72.6,62.2,57.5,55.8,64.0,79.5,94.9,60.7,87.8,73.6,62.5,59.2,67.8,76.6,76.3,66.5,57.4,97.2,45.9,48.5,99.6,68.7,64.4,107.9,120.8,72.8,58.5,61.7,44.7,81.8,65.4,103.4,62.8,69.130264,66.53496,53.92974
103,78,广西恭城月柿栽培系统,广西桂林市恭城瑶族自治县莲花镇,110.871,24.731,林业和林果系统,Forestry and forestry products system,FFPS,111.9,142.0,128.1,78.6,123.9,105.9,91.6,99.6,76.6,82.0,126.0,84.3,159.2,115.5,188.3,84.1,91.6,70.6,166.3,69.6,62.1,55.2,131.8,76.9,86.2,110.9,212.2,70.9,74.4,74.3,110.2,70.0,71.2,125.3,87.8,71.4,120.3,72.1,74.1,86.0,88.4,53.0,72.1,104.512245,121.77752,61.268898
104,79,海南海口羊山荔枝种植系统,海南省海口市西南部石山镇,110.205,19.938,林业和林果系统,Forestry and forestry products system,FFPS,133.9,49.2,181.8,96.4,88.0,97.8,112.5,37.6,157.1,83.6,63.1,70.9,112.2,93.1,156.7,51.5,122.3,100.0,37.2,116.7,111.2,112.2,53.4,69.1,101.8,83.1,71.9,119.4,104.2,91.9,160.5,158.2,87.8,70.9,202.1,86.3,136.4,58.5,75.9,84.5,48.1,88.8,104.9,71.83278,138.62003,199.08662
105,80,海南琼中山兰稻作文化系统,海南省琼中黎族苗族自治县上安乡南万村,109.807,18.881,稻作农业系统,Rice farming system,RFS,87.2,51.2,85.7,181.6,175.5,109.0,92.5,88.0,83.9,172.8,132.8,118.4,110.5,28.1,113.2,124.6,193.3,46.5,59.5,59.4,143.5,114.2,103.7,129.6,100.1,150.9,58.9,107.8,86.5,76.2,173.2,185.2,131.4,150.6,88.5,144.3,115.8,80.8,122.2,41.6,77.5,84.6,61.4,72.38466,143.07487,115.41235
106,81,重庆石柱黄连生产系统,重庆市石柱土家族自治县黄水镇,108.391,30.243,中药材花卉系统,Chinese medicinal herb and flower system,CMHFS,88.4,85.2,143.3,112.8,69.9,74.9,74.7,74.1,68.6,78.8,79.3,55.3,61.5,110.1,79.3,61.9,145.1,78.6,102.1,75.1,72.4,61.7,66.3,75.6,62.0,47.5,68.7,62.6,42.1,87.6,35.5,63.1,71.0,56.0,80.0,71.6,90.2,46.9,51.9,54.9,76.9,59.9,70.4,92.56906,86.650276,48.016724
107,82,四川盐亭嫘祖蚕桑生产系统,四川省绵阳市盐亭县金鸡镇,105.62,31.01,蚕桑系统,Silkworm system,SS,66.8,56.0,62.6,98.5,81.5,46.3,45.1,80.1,34.7,71.8,120.1,55.5,96.6,221.1,49.4,83.3,112.0,51.6,81.5,54.3,53.9,79.5,49.0,47.5,41.7,60.0,38.3,88.5,47.0,105.7,42.4,79.4,63.4,111.9,52.4,152.4,47.3,46.1,53.4,74.0,77.2,56.4,61.7,163.1996,48.742622,63.76852
108,83,四川名山蒙顶山茶文化系统,四川省雅安市名山区蒙顶山镇,103.092,30.072,茶文化系统,Tea culture system,TCS,52.1,79.5,106.2,48.7,106.6,60.7,48.9,87.7,59.1,99.5,88.3,111.4,73.5,48.0,140.8,123.7,87.4,78.7,88.2,45.1,113.8,76.6,68.3,57.0,48.4,108.2,50.0,82.4,40.6,107.6,120.5,69.0,56.5,163.3,127.3,48.5,75.0,39.9,48.8,66.5,109.5,49.5,65.6,64.152435,57.648796,67.96047
109,84,云南腾冲槟榔江水牛养殖系统,云南省保山市腾冲市猴桥镇,98.277,25.327,畜牧水产系统,Livestock and aquaculture system,LAS,56.8,79.9,61.3,111.7,83.2,98.7,129.3,109.7,69.8,145.4,123.7,76.5,75.9,51.6,53.7,71.5,73.6,70.6,73.0,64.8,60.1,86.2,50.0,68.0,75.2,47.8,75.6,79.6,81.9,46.7,73.0,67.2,56.3,41.8,41.5,92.0,59.3,52.2,83.0,82.3,100.8,58.1,41.1,60.377617,82.2355,90.00618
110,85,陕西凤县大红袍花椒栽培系统,陕西省宝鸡市凤县双石铺镇十里店村,106.549,33.889,林业和林果系统,Forestry and forestry products system,FFPS,56.4,74.2,51.5,84.1,54.0,45.5,36.6,69.7,43.9,38.5,44.3,30.4,50.3,59.7,59.5,41.7,41.4,54.5,66.5,39.3,44.1,40.4,54.5,58.6,41.3,39.1,48.8,46.9,31.2,36.6,37.1,67.4,57.0,76.7,35.2,36.9,45.2,43.5,47.1,41.2,113.1,51.1,39.3,96.31728,52.483986,47.203476
111,86,陕西蓝田大杏种植系统,陕西省西安市蓝田县华胥镇阿氏村,109.191,34.244,林业和林果系统,Forestry and forestry products system,FFPS,72.4,93.5,53.9,59.0,56.9,42.4,58.4,56.8,47.9,64.7,59.8,99.7,62.7,49.8,61.5,45.7,44.2,43.1,103.5,69.6,54.5,73.3,28.5,69.9,49.0,57.8,50.1,77.7,30.1,67.4,40.2,60.5,52.4,54.0,56.3,54.2,42.3,38.4,39.2,62.9,51.2,67.0,72.7,72.30613,135.1917,82.1095
112,87,宁夏盐池滩羊养殖系统,宁夏回族自治区吴忠市盐池县花马池镇,107.388,37.791,畜牧水产系统,Livestock and aquaculture system,LAS,19.2,47.7,17.6,45.3,64.2,55.4,24.0,41.4,26.5,50.9,25.6,23.1,34.6,17.8,39.3,59.9,35.8,41.0,32.3,16.2,15.5,78.1,37.7,35.0,54.3,35.0,59.0,42.6,43.3,37.5,50.7,32.2,24.1,30.6,42.4,26.4,28.1,21.7,29.7,45.9,51.6,76.0,104.8,28.85896,39.98332,37.526638
113,88,新疆伊犁察布查尔布哈农业系统,新疆察布查尔县爱新舍里镇,80.798,43.8,水利灌溉系统,Water irrigation system,WIS,12.6,17.4,10.5,21.9,24.0,13.1,10.5,17.1,20.2,9.9,12.2,6.9,10.9,17.1,20.1,14.6,13.8,14.6,15.0,21.3,11.2,15.4,23.8,17.5,26.1,11.6,9.1,13.2,18.9,20.5,13.4,16.7,7.7,10.1,18.2,16.4,21.1,10.5,10.2,20.2,17.4,17.4,27.5,10.533243,24.159521,10.041147
114,89,天津津南小站稻种植系统,天津市津南区小站镇会馆村,117.411,38.892,稻作农业系统,Rice farming system,RFS,60.3,170.5,77.9,101.1,101.9,64.0,56.5,68.6,66.7,45.8,41.6,58.2,32.9,52.4,67.5,81.8,93.1,78.4,120.7,32.4,88.9,68.6,35.0,66.6,58.5,60.4,30.0,42.7,47.5,61.9,68.6,119.4,62.2,74.4,33.3,44.9,72.4,51.0,139.6,86.5,82.0,85.9,44.2,43.466362,108.22177,72.787224
115,90,内蒙古乌拉特后旗戈壁红驼牧养系统,内蒙古自治区巴彦淖尔市乌拉特后旗获各琦苏木前达门嘎查,105.859,41.242,畜牧水产系统,Livestock and aquaculture system,LAS,16.0,32.4,7.5,19.2,13.9,21.8,13.8,13.8,20.3,9.1,15.4,14.2,8.9,23.8,14.8,25.0,42.5,12.7,35.6,21.8,17.6,8.6,22.9,13.3,20.5,10.3,21.3,6.4,27.1,19.1,19.2,8.8,19.4,14.1,9.0,18.4,23.2,10.8,17.4,14.4,37.6,8.0,17.3,6.82345,30.199892,12.851628
116,91,辽宁阜蒙旱作农业系统,辽宁省阜新市阜新蒙古族自治县化石戈镇,121.103,42.05,旱作农业系统,Dryland farming system,DFS,37.2,46.3,60.8,41.8,94.5,104.3,69.8,50.7,50.2,34.1,80.0,93.4,33.5,35.8,76.7,67.5,50.9,127.4,69.6,63.8,60.1,42.5,52.0,82.5,51.2,38.8,57.8,42.3,58.8,19.9,50.7,44.8,88.0,84.6,42.3,49.7,70.0,41.9,45.0,54.5,48.8,93.0,58.2,86.11533,50.108246,28.385296
117,92,江苏吴中碧螺春茶果复合系统,江苏苏州市吴中区东山镇,120.402,31.087,复合农业生产系统,Comprehensive agricultural production system,CAPS,60.6,123.3,70.2,89.2,136.9,78.4,94.4,69.5,66.4,56.3,136.5,126.3,55.3,71.8,69.2,102.8,93.8,66.1,63.3,161.8,62.5,103.3,73.7,50.3,73.8,132.6,62.8,56.8,72.3,66.5,67.1,102.7,141.6,61.9,58.3,64.8,76.2,35.8,37.2,101.4,64.3,127.7,58.9,74.85713,93.78476,108.788124
118,93,江苏宿豫丁嘴金针菜生产系统,江苏省宿迁市宿豫区丁嘴镇登山村,118.525,33.871,蔬菜瓜果系统,Vegetable and fruit system,VFS,113.0,60.2,61.7,88.7,78.8,52.6,115.9,90.2,89.6,80.5,78.0,86.9,55.0,72.9,55.2,49.2,90.0,87.6,117.7,56.1,106.5,50.1,52.2,75.6,45.8,71.1,100.4,105.1,51.0,64.7,59.2,49.7,58.1,48.7,51.5,56.2,47.6,98.7,287.5,51.8,137.8,116.0,40.2,99.36274,73.55537,82.309135
119,94,浙江宁波黄古林蔺草-水稻轮作系统,浙江省宁波市海曙区古林镇,121.431,29.838,稻作农业系统,Rice farming system,RFS,92.9,97.0,79.8,79.2,61.7,118.0,71.2,61.9,102.7,70.3,95.7,49.8,90.7,87.4,109.6,93.6,163.7,158.4,51.9,50.1,69.4,37.6,90.1,81.1,68.6,167.3,36.3,85.6,70.9,192.2,90.7,50.9,110.5,96.2,80.1,118.0,64.3,180.4,59.7,113.3,69.3,87.7,168.1,48.491093,69.097015,91.88136
120,95,浙江安吉竹文化系统,浙江省湖州市安吉县昌硕街道双一村,119.727,30.573,林业和林果系统,Forestry and forestry products system,FFPS,74.0,108.8,132.6,98.9,111.3,62.4,73.5,68.8,77.8,97.7,149.1,131.2,91.9,114.5,122.1,87.6,105.2,100.6,107.4,121.8,84.5,67.5,48.6,40.5,74.3,81.5,53.4,139.2,76.6,62.0,116.9,116.4,117.0,117.4,70.8,58.2,101.1,100.4,39.2,104.2,72.6,94.7,58.4,87.065674,99.57341,81.17467
121,96,浙江黄岩蜜橘筑墩栽培系统,浙江省台州市黄岩区头陀镇断江村,121.163,28.628,林业和林果系统,Forestry and forestry products system,FFPS,39.0,80.5,82.3,63.0,80.2,143.8,49.2,138.3,98.2,103.8,157.0,53.3,137.7,54.8,245.0,66.9,147.6,202.7,106.7,73.9,90.9,58.8,112.9,82.6,268.3,150.5,87.4,135.2,77.9,194.6,86.0,82.7,122.5,141.5,72.5,97.4,58.7,83.9,77.4,208.7,51.1,67.0,82.4,83.11073,109.660965,62.286484
122,97,浙江开化山泉流水养鱼系统,浙江省衢州市开化县何田乡,118.311,29.332,畜牧水产系统,Livestock and aquaculture system,LAS,74.8,58.3,72.8,109.8,81.6,102.7,74.0,64.2,96.8,136.0,90.2,51.4,94.7,150.5,155.7,123.8,61.2,165.3,122.4,119.1,92.9,47.9,109.0,129.1,99.1,85.1,68.2,112.0,74.1,76.7,82.3,61.6,84.2,88.6,74.6,98.0,106.3,86.6,45.3,93.4,83.7,51.3,88.8,97.09445,65.76909,55.237286
123,98,江西泰和乌鸡林下养殖系统,江西省吉安市泰和县汪陂村,114.779,26.786,复合农业生产系统,Comprehensive agricultural production system,CAPS,73.0,104.5,76.2,58.2,95.3,131.8,62.8,60.5,91.5,64.4,72.7,56.7,88.8,61.9,62.6,65.3,110.4,76.4,70.2,102.9,59.6,59.0,116.7,36.5,67.0,81.2,54.7,132.1,63.8,59.0,48.9,56.0,123.6,123.0,63.2,50.6,71.1,42.7,65.0,54.6,62.8,64.7,50.6,48.587982,89.38399,70.51452
124,99,江西横峰葛栽培系统,江西省上饶市横峰县葛源镇,117.665,28.602,中药材花卉系统,Chinese medicinal herb and flower system,CMHFS,60.7,71.8,139.0,110.0,109.9,77.9,52.6,58.9,92.0,155.9,63.2,64.7,102.1,125.2,91.7,125.1,77.2,84.8,163.1,156.1,72.9,79.7,96.3,105.5,120.4,108.3,63.4,102.7,71.0,86.8,111.1,60.4,92.0,55.7,69.2,94.5,67.7,84.7,100.4,69.5,130.9,78.1,122.5,73.092125,96.420235,62.174408
125,100,山东岱岳汶阳田农作系统,山东省泰安市岱岳区大汶口镇,117.083,35.954,旱作农业系统,Dryland farming system,DFS,62.4,38.4,32.3,58.9,48.6,57.5,42.1,70.3,45.7,63.5,72.3,61.6,85.4,84.8,75.3,59.4,84.2,58.8,69.9,36.9,52.9,75.7,44.1,103.7,90.7,81.4,124.4,98.6,70.3,70.8,66.2,79.4,58.2,88.4,40.0,44.3,47.5,51.4,72.5,82.8,104.1,74.6,84.0,49.00059,71.31422,66.726524
126,101,河南嵩县银杏文化系统,河南省洛阳市嵩县白河镇,111.944,33.635,林业和林果系统,Forestry and forestry products system,FFPS,64.8,49.4,112.6,56.0,62.8,54.1,32.8,64.3,50.4,76.9,82.7,37.7,31.4,37.9,82.5,64.4,66.7,57.3,83.3,69.4,116.5,69.0,64.3,43.0,126.9,62.5,38.4,61.7,73.4,68.4,70.9,49.2,68.4,62.2,26.2,36.1,40.2,78.4,75.2,103.5,51.2,54.8,43.3,64.94505,40.822346,60.47775
127,102,湖南安化黑茶文化系统,湖南省益阳市安化县梅城镇,111.644,28.142,茶文化系统,Tea culture system,TCS,65.0,74.7,52.5,47.9,99.5,59.5,88.3,71.6,74.9,64.1,78.7,75.4,47.4,112.5,57.5,110.3,99.7,93.1,79.5,81.0,72.6,78.2,86.2,89.0,79.7,62.8,65.3,91.4,82.8,69.5,136.3,74.2,50.3,66.1,58.1,43.6,124.1,96.6,38.4,55.3,66.3,51.2,54.2,142.90796,140.29637,66.77611
128,103,湖南保靖黄金寨古茶园与茶文化系统,湖南省湘西土家族苗族自治州保靖县吕洞山镇黄金村,109.772,28.448,茶文化系统,Tea culture system,TCS,61.7,50.9,60.8,94.4,92.6,60.6,82.1,78.5,99.7,68.6,91.1,81.9,62.0,62.8,69.8,105.1,96.9,71.3,111.8,70.8,71.8,59.3,84.2,63.7,102.0,63.5,54.4,60.0,46.9,72.0,126.5,77.5,65.4,86.1,136.8,63.3,55.3,70.2,47.7,70.3,80.0,67.9,59.8,71.912796,120.45914,65.89852
129,104,湖南永顺油茶林农复合系统,湖南省湘西土家族苗族自治州永顺县灵溪镇长光村,109.894,29.079,复合农业生产系统,Comprehensive agricultural production system,CAPS,84.1,52.3,79.1,79.5,54.3,75.1,102.7,83.5,58.4,61.8,80.8,111.5,85.9,78.5,68.3,91.6,140.0,68.8,66.3,69.3,51.2,50.6,55.1,81.1,91.8,53.4,40.8,66.4,51.2,64.6,75.9,74.4,66.5,106.6,144.9,194.1,63.0,45.7,60.9,68.7,177.5,118.4,47.6,58.704445,60.39251,99.582596
130,105,广东佛山基塘农业系统,广东省佛山市南海区西樵镇,112.982,22.941,复合农业生产系统,Comprehensive agricultural production system,CAPS,45.1,73.0,66.8,121.3,48.5,103.3,66.4,99.5,58.6,105.2,52.8,63.8,92.1,156.2,66.3,90.1,100.7,94.1,102.2,146.9,76.7,88.7,64.5,56.2,36.6,42.5,96.2,101.0,149.5,73.5,72.2,59.2,73.8,78.8,85.8,74.1,87.9,59.4,123.6,64.9,47.8,95.9,63.1,85.76712,55.6339,76.67604
131,106,广东岭南荔枝种植系统(增城、东莞),广东省广州市增城区正果镇兰溪村,113.948,23.365,林业和林果系统,Forestry and forestry products system,FFPS,85.9,71.1,78.8,106.4,77.3,94.1,73.0,101.9,78.5,83.5,64.4,92.8,72.0,87.5,69.3,102.1,112.6,90.2,56.7,172.2,87.1,97.1,44.8,61.7,60.8,81.6,90.8,61.2,335.6,48.3,79.9,83.3,64.0,96.2,78.4,83.5,83.9,48.9,85.6,97.9,71.1,86.1,77.2,72.16289,86.46658,85.434044
131,107,广东岭南荔枝种植系统(增城、东莞),广东省广州市东莞区大朗镇水平村,113.755,23.682,林业和林果系统,Forestry and forestry products system,FFPS,110.0,76.0,90.0,85.5,104.9,67.3,81.3,176.7,88.2,79.0,72.0,97.8,80.5,84.1,88.5,92.0,130.6,92.1,96.1,205.9,100.6,105.9,52.7,74.2,63.8,81.7,112.1,66.6,234.8,52.2,79.9,57.0,56.6,94.9,61.2,84.8,93.2,50.8,112.3,170.8,59.9,67.5,60.3,73.92902,72.53184,138.87073
132,108,广西横县茉莉花复合栽培系统,广西壮族自治区南宁市横州市校椅镇石井村,109.251,22.776,中药材花卉系统,Chinese medicinal herb and flower system,CMHFS,59.5,221.0,84.7,70.4,85.7,101.9,63.8,95.8,48.9,54.9,49.1,159.3,68.1,96.0,54.7,115.0,69.8,62.7,62.2,42.8,35.5,99.4,89.6,104.9,33.5,279.0,56.6,78.1,93.2,71.5,83.1,59.1,160.6,189.7,108.8,130.5,100.1,112.0,62.2,51.2,85.1,52.8,53.9,95.70297,124.50013,71.76657
133,109,重庆大足黑山羊传统养殖系统,重庆市大足区铁山镇太平村,105.564,29.689,畜牧水产系统,Livestock and aquaculture system,LAS,64.5,38.3,43.9,67.0,82.5,74.5,78.5,113.0,54.3,63.5,39.1,65.6,35.0,42.5,54.4,43.8,41.7,40.8,69.2,53.1,42.8,52.1,44.7,44.5,57.4,57.8,37.7,57.8,67.8,81.8,72.5,51.4,43.7,92.9,52.8,68.7,45.9,59.2,41.7,41.4,61.0,37.9,34.7,50.770836,63.858433,51.381226
134,110,重庆万州红桔栽培系统,重庆市万州区太龙镇,108.531,30.905,林业和林果系统,Forestry and forestry products system,FFPS,97.2,68.9,185.5,138.9,48.0,82.1,65.0,58.1,88.1,153.3,70.9,118.0,56.0,71.3,64.0,48.9,61.0,72.4,69.6,81.7,69.2,80.1,52.7,68.2,68.0,65.1,53.7,68.4,54.4,68.5,51.7,84.5,55.0,53.2,76.4,49.3,86.1,56.3,44.6,33.0,69.4,87.5,55.1,77.71794,68.46465,54.358494
135,111,四川郫都林盘农耕文化系统,四川省成都市郫都区唐昌镇,103.82,30.922,土地利用系统,Land use system,LUS,59.0,125.4,72.1,94.6,98.4,58.6,55.1,69.1,78.0,53.9,102.5,124.0,59.5,67.8,52.4,65.5,131.8,115.8,105.0,48.0,51.6,101.9,23.5,85.8,38.9,44.6,29.7,217.5,122.5,50.7,59.1,84.2,59.7,65.1,67.5,67.2,26.1,90.6,77.3,71.7,394.8,53.9,64.5,43.707474,80.04941,79.27848
136,112,四川宜宾竹文化系统,四川省宜宾市长宁县竹海镇,104.93,28.503,林业和林果系统,Forestry and forestry products system,FFPS,119.0,44.9,66.4,73.8,47.4,39.8,67.7,41.2,84.2,177.9,95.4,83.6,55.8,107.6,71.6,42.4,58.5,89.1,54.3,51.0,54.3,56.3,29.5,53.7,39.6,61.3,114.2,76.4,38.6,57.1,50.4,64.5,47.0,83.2,56.3,77.5,65.2,47.2,49.3,35.4,66.8,37.1,47.5,48.380478,62.509644,36.467506
137,113,四川石渠扎溪卡游牧系统,四川省甘孜藏族自治州石渠县长须贡马乡,98.928,32.762,畜牧水产系统,Livestock and aquaculture system,LAS,31.9,18.6,25.2,19.1,25.5,18.8,17.1,17.4,16.9,18.5,16.9,27.8,30.0,18.2,20.7,19.2,18.1,14.6,20.2,25.5,21.8,13.8,31.0,19.3,13.0,35.1,18.3,21.3,19.4,19.5,16.0,24.8,17.2,26.1,18.2,15.2,25.8,22.2,17.0,35.6,21.1,21.2,20.4,16.990421,17.056316,27.230188
138,114,贵州锦屏杉木传统种植与管理系统,贵州省黔东南州锦屏县平秋镇魁胆村,109.088,26.682,林业和林果系统,Forestry and forestry products system,FFPS,57.4,110.8,75.7,61.9,48.9,47.9,72.4,86.9,110.7,53.3,99.8,80.2,64.4,69.4,70.0,81.5,93.1,57.8,51.4,64.4,37.2,59.3,98.5,81.2,125.4,57.9,53.9,45.6,53.7,84.0,57.7,56.7,65.5,68.2,38.1,72.2,69.8,76.2,41.1,59.2,43.3,65.0,54.7,60.808586,71.03685,84.41087
139,115,贵州安顺屯堡农业系统,贵州省安顺市西秀区大西桥镇鲍家屯,106.118,26.331,复合农业生产系统,Comprehensive agricultural production system,CAPS,50.5,54.1,55.3,63.7,52.6,49.0,60.4,39.4,59.8,40.8,48.2,49.0,46.6,62.6,43.6,46.6,83.6,85.5,57.0,111.8,39.7,68.3,73.6,69.0,59.9,60.5,62.0,57.1,55.4,57.4,48.2,60.3,79.6,45.6,68.6,84.3,46.4,52.8,47.9,52.2,49.9,60.9,50.1,43.158684,80.511444,55.31192
140,116,陕西临潼石榴种植系统,陕西省西安市临潼区马额街道,109.384,34.403,林业和林果系统,Forestry and forestry products system,FFPS,76.0,81.4,47.4,48.3,50.0,41.9,42.6,65.0,52.9,53.1,47.2,54.5,85.6,48.3,76.3,46.0,42.2,40.0,50.8,69.6,38.3,53.2,38.5,50.8,43.8,40.5,56.9,60.1,28.9,46.9,38.8,49.0,44.9,46.5,55.1,40.4,41.5,51.7,48.0,49.4,50.6,58.6,69.6,100.718666,67.16418,52.596317
141,117,山西阳城蚕桑文化系统,山西省晋城市阳城县寺头乡,112.388,35.622,蚕桑系统,Silkworm system,SS,116.8,44.7,49.7,52.4,137.0,51.5,45.8,56.6,52.1,32.5,40.4,34.5,50.2,49.9,101.2,56.3,55.1,40.4,81.1,70.5,45.9,54.5,27.7,60.5,36.0,53.1,44.6,29.7,44.7,41.9,41.2,57.1,69.4,59.1,30.5,32.0,103.5,35.1,83.3,28.8,42.5,71.1,49.7,38.65579,39.89668,46.866238
142,118,内蒙古武川燕麦传统旱作系统,内蒙古自治区呼和浩特市武川县上秃亥乡,111.302,41.185,旱作农业系统,Dryland farming system,DFS,22.8,27.8,69.3,46.0,54.9,101.1,18.7,27.9,29.0,23.1,44.1,33.7,41.4,23.1,38.3,36.5,40.7,42.1,74.7,37.5,36.8,25.8,40.8,32.7,44.7,41.0,23.2,23.7,37.0,30.9,52.2,19.2,30.4,52.4,34.6,22.8,94.4,26.1,39.0,30.0,28.0,16.3,30.2,32.356716,48.36257,49.292477
143,119,内蒙古东乌珠穆沁旗游牧生产系统,内蒙古东乌珠穆沁旗满都宝力格镇,116.968,45.496,畜牧水产系统,Livestock and aquaculture system,LAS,72.5,29.8,13.4,29.5,38.2,29.5,34.5,29.6,45.8,23.0,41.8,19.0,19.5,29.7,48.5,35.9,22.6,15.2,42.1,14.6,35.7,29.7,19.2,23.8,29.2,18.0,17.5,26.4,23.2,44.9,27.0,39.3,64.4,28.8,18.4,24.6,18.3,14.7,33.9,18.0,28.6,37.1,26.2,25.678068,27.674541,27.947336
144,120,吉林和龙林下参--芝抚育系统,吉林省延边州和龙市八家子镇,129.119,42.667,中药材花卉系统,Chinese medicinal herb and flower system,CMHFS,35.9,38.3,75.8,30.3,32.9,34.7,84.4,67.2,78.4,86.0,53.4,51.9,52.2,31.4,66.6,94.5,34.8,31.8,36.5,40.7,92.7,51.2,48.9,25.1,38.7,35.2,41.4,54.3,42.9,33.8,50.0,30.0,76.3,57.0,43.2,56.4,103.7,52.9,57.2,44.0,75.8,47.5,60.2,52.0139,32.55914,61.04452
145,121,江苏启东沙地圩田农业系统,江苏省南通市启东市海复镇,121.681,31.988,土地利用系统,Land use system,LUS,110.2,161.9,71.7,150.8,83.0,85.1,117.2,64.6,98.9,107.4,74.1,119.6,92.9,86.1,84.4,111.6,128.8,61.8,79.6,131.3,74.7,69.0,79.5,53.7,61.2,52.0,57.6,74.4,106.4,218.6,35.6,49.6,43.4,58.6,51.6,80.7,72.8,90.6,74.2,105.3,106.4,73.7,84.1,97.01732,68.99327,68.01432
146,122,江苏吴江蚕桑文化系统,江苏省苏州市吴江区震泽镇,120.505,30.915,蚕桑系统,Silkworm system,SS,77.4,93.2,81.6,99.6,126.7,85.6,105.1,60.5,54.9,60.9,152.1,111.5,53.8,81.5,88.5,80.7,107.1,66.0,84.0,138.9,58.6,88.4,64.4,38.0,65.4,127.8,63.2,74.9,58.5,68.9,90.9,99.4,134.2,58.2,63.2,45.6,75.1,44.3,39.7,110.4,78.9,120.8,64.0,79.47366,90.78905,105.54176
147,123,浙江缙云茭白--麻鸭共生系统,浙江省丽水市缙云县前路乡水口村,120.276,28.754,复合农业生产系统,Comprehensive agricultural production system,CAPS,50.1,45.5,90.8,68.1,58.0,71.2,54.9,71.2,112.2,318.9,108.6,45.4,150.7,69.6,154.8,104.0,51.8,160.9,96.9,82.6,69.7,50.7,83.1,122.4,190.6,104.4,87.7,80.6,59.7,133.3,77.5,56.3,87.1,101.4,75.7,76.7,50.4,47.3,69.2,119.3,126.4,71.1,79.5,61.87086,61.833874,33.46178
148,124,浙江桐乡蚕桑文化系统,浙江省嘉兴市桐乡市河山镇八泉村,120.401,30.627,蚕桑系统,Silkworm system,SS,74.8,54.2,105.2,102.6,116.7,73.3,69.3,56.8,65.8,95.0,153.8,121.0,84.9,110.4,110.8,80.8,120.8,76.8,87.5,107.5,62.6,53.5,54.8,51.2,69.0,113.4,51.7,104.3,59.5,60.5,72.0,105.1,118.9,65.0,58.5,53.1,68.3,87.1,39.5,77.2,73.6,80.5,79.2,80.48611,93.20792,82.144394
149,125,安徽太湖山地复合农业系统,安徽省安庆市太湖县大别山区,116.112,30.449,复合农业生产系统,Comprehensive agricultural production system,CAPS,100.8,153.1,96.0,95.1,86.2,86.8,166.0,82.3,67.5,93.4,87.4,98.8,78.0,95.1,89.2,167.3,91.4,94.6,173.9,118.2,73.7,58.2,136.7,91.8,81.7,76.9,54.9,50.4,84.6,48.6,96.1,98.1,80.9,105.3,105.8,71.8,129.2,114.5,52.2,62.2,168.9,83.2,58.7,84.80068,90.749466,59.753582
150,126,福建松溪竹蔗栽培系统,福建省南平市松溪县万前村,118.717,27.434,复合农业生产系统,Comprehensive agricultural production system,CAPS,73.2,54.9,47.6,84.7,54.1,69.4,50.5,49.2,93.6,76.2,90.7,66.0,168.0,72.5,95.9,122.3,58.2,117.5,130.1,96.2,99.6,62.2,92.9,155.9,63.5,158.7,112.1,93.1,67.9,157.5,58.8,39.9,56.6,43.3,84.5,86.2,59.3,87.8,50.2,184.6,38.1,60.5,76.4,59.66092,53.81219,67.70487
151,127,江西浮梁茶文化系统,江西省景德镇市浮梁县江村乡,117.363,29.774,茶文化系统,Tea culture system,TCS,114.4,111.0,134.6,150.7,89.0,78.1,68.9,82.6,84.9,84.8,191.6,117.6,97.3,168.4,177.7,109.1,99.1,179.9,97.6,132.9,94.5,80.4,121.8,74.2,80.3,63.3,62.8,77.9,68.9,97.8,95.0,123.4,86.6,145.1,74.1,115.3,90.7,223.7,81.3,138.6,191.7,75.7,67.5,67.417015,103.39516,83.38976
152,128,山东莱阳古梨树群系统,山东省烟台市莱阳市照旺庄镇,120.747,36.912,林业和林果系统,Forestry and forestry products system,FFPS,65.2,36.9,86.4,84.2,73.8,95.2,70.3,88.2,52.8,73.8,73.7,134.9,54.5,69.0,69.1,91.2,51.8,87.0,51.4,57.4,34.2,121.7,149.8,68.8,93.4,72.8,28.8,81.2,87.2,55.7,49.2,64.7,63.9,69.0,63.4,19.6,30.7,40.5,42.0,45.1,84.1,58.6,113.2,58.901638,65.81442,63.816757
153,129,山东峄城石榴种植系统,山东省枣庄市峄城区榴园镇王府山,117.539,34.768,林业和林果系统,Forestry and forestry products system,FFPS,63.4,57.4,82.7,87.8,110.4,51.0,57.3,81.2,79.5,90.4,80.7,59.7,57.5,60.5,59.6,100.5,73.2,91.1,118.9,63.1,95.3,51.4,107.1,107.8,57.3,99.0,48.9,99.0,70.6,71.7,55.7,56.1,91.1,120.6,51.1,48.7,113.8,54.6,47.2,69.8,80.5,123.4,57.3,91.963455,104.43395,66.91149
154,130,湖南龙山油桐种植系统,湖南省湘西州龙山县咱果乡,109.35,29.028,林业和林果系统,Forestry and forestry products system,FFPS,70.1,42.6,123.9,67.1,62.1,58.9,127.9,101.8,54.3,58.6,64.9,60.8,60.1,58.5,122.5,89.4,89.2,59.4,59.1,70.3,47.7,51.8,69.7,56.6,70.3,64.8,48.0,84.4,61.0,43.1,92.2,133.1,61.8,97.9,86.0,196.6,56.4,47.6,47.8,57.5,92.5,58.8,51.7,40.0523,47.23489,53.162754
155,131,广东海珠高畦深沟传统农业系统,广东省广州市海珠区华洲街道龙潭村,113.33,23.081,土地利用系统,Land use system,LUS,56.8,63.2,85.8,101.5,55.6,87.0,62.8,115.7,127.2,92.5,67.5,49.8,108.1,132.3,56.9,80.1,86.5,137.2,61.0,151.4,68.4,99.7,61.4,54.1,42.8,62.7,123.2,100.5,265.8,59.0,70.8,99.1,61.9,87.6,83.7,81.3,74.0,55.1,112.9,77.9,77.5,85.3,86.8,112.319214,78.45564,79.911354
156,132,广西桂西北山地稻鱼复合系统,广西省百色市靖西市南坡乡底定村,105.986,23.093,复合农业生产系统,Comprehensive agricultural production system,CAPS,100.7,87.9,72.9,123.4,42.1,93.2,100.0,53.0,45.4,59.1,82.1,83.9,71.7,49.0,89.9,48.6,92.0,58.6,25.0,43.2,48.2,77.2,48.8,56.8,37.0,34.4,170.5,36.4,92.1,41.7,71.8,59.5,56.7,63.2,107.4,47.7,49.1,62.5,63.7,71.8,52.5,48.5,71.4,99.72602,81.04151,142.73233
157,133,云南文山三七种植系统,云南省文山壮族苗族自治州砚山县盘龙乡,104.315,23.536,中药材花卉系统,Chinese medicinal herb and flower system,CMHFS,61.0,81.2,33.4,54.4,64.0,37.3,80.1,35.0,38.9,81.8,65.7,67.2,65.5,66.7,68.0,55.3,100.5,50.1,44.5,44.6,29.5,54.7,68.5,119.0,56.8,43.1,31.6,52.5,81.0,58.9,54.1,30.2,37.9,59.5,68.9,33.7,39.7,63.5,55.3,49.6,32.7,48.0,43.2,39.072712,78.538185,51.752644
158,134,西藏当雄高寒游牧系统,西藏自治区拉萨市当雄县纳木错湖乡,91.086,30.733,畜牧水产系统,Livestock and aquaculture system,LAS,22.4,22.3,21.1,22.3,17.3,22.0,17.9,19.8,20.2,21.0,20.2,22.7,34.5,18.2,21.0,35.6,22.9,25.9,25.4,21.6,17.1,18.4,21.0,22.3,17.3,22.8,22.1,19.3,19.7,22.9,27.1,21.8,13.9,21.0,17.8,24.8,18.2,19.9,29.1,33.1,25.0,21.1,17.0,27.698174,13.666511,20.958504
159,135,西藏乃东青稞种植系统,西藏自治区山南市乃东区昌珠镇,91.771,29.19,旱作农业系统,Dryland farming system,DFS,31.3,26.8,25.4,19.4,21.2,19.9,26.7,28.8,17.4,23.0,24.6,30.2,22.7,21.3,27.5,27.0,21.1,22.0,18.9,22.2,23.5,25.6,20.9,25.8,24.9,14.7,17.8,30.3,34.1,16.1,19.3,18.2,20.6,21.6,32.3,26.2,18.0,19.4,23.1,28.5,24.3,24.3,22.6,22.87551,21.66304,18.750671
160,136,陕西汉阴凤堰稻作梯田系统,陕西省安康市汉阴县漩涡镇堰坪村,108.417,32.797,稻作农业系统,Rice farming system,RFS,134.4,58.5,78.6,81.8,73.2,59.2,72.6,109.0,32.3,65.8,68.8,96.8,50.3,69.5,45.9,51.9,55.1,46.1,54.2,64.6,86.4,50.2,42.3,66.9,78.1,59.9,59.6,76.8,67.8,62.3,149.6,55.7,99.9,61.7,49.0,61.9,33.2,64.1,54.5,50.1,76.8,100.0,58.1,57.765316,59.49272,69.68684
161,137,广东岭南荔枝种植系统(茂名),广东茂名市高州根子柏桥贡园,111.045,21.804,林业和林果系统,Forestry and forestry products system,FFPS,80.7,146.8,69.0,73.9,115.7,112.1,69.9,68.5,102.1,155.3,55.8,56.5,97.8,154.4,154.4,78.9,64.6,110.7,59.8,56.9,67.1,104.1,89.6,75.7,47.8,53.8,62.1,65.5,295.3,110.1,76.0,99.4,73.6,113.2,91.7,198.0,85.3,50.0,95.2,124.4,111.6,75.4,69.4,86.57214,92.25514,75.67411
162,138,北京怀柔板栗栽培系统,北京市怀柔区九渡河镇,116.453,40.36,林业和林果系统,Forestry and forestry products system,FFPS,58.0,60.9,52.0,87.5,69.0,39.8,124.9,56.4,47.7,87.4,58.1,106.0,77.0,42.6,123.8,150.5,58.4,43.3,105.2,28.4,110.3,86.8,42.0,43.2,40.4,49.3,41.4,49.1,41.4,42.8,47.0,81.5,80.7,55.5,38.7,41.8,146.3,70.0,72.7,57.4,80.3,77.5,59.6,48.65536,137.65326,60.795845
163,139,北京门头沟京白梨栽培系统,北京市门头沟区军庄镇,116.097,40.004,林业和林果系统,Forestry and forestry products system,FFPS,39.4,81.8,67.6,73.2,96.9,47.9,131.0,46.9,52.8,89.7,88.0,52.6,38.2,25.4,150.3,84.6,101.7,31.9,73.0,29.8,87.3,64.8,30.6,65.4,51.4,97.2,69.4,39.8,36.7,50.1,45.8,85.4,69.0,52.4,49.0,51.5,151.4,62.7,53.4,30.9,66.4,111.8,64.1,123.88852,105.91311,76.93578
164,140,河北赵县古梨园,河北省石家庄市赵县谢庄镇,114.981,37.809,林业和林果系统,Forestry and forestry products system,FFPS,39.9,88.2,50.9,54.2,50.5,43.8,52.5,35.0,45.9,86.2,47.1,72.2,87.9,63.2,67.9,44.8,71.2,24.9,73.1,24.6,56.5,97.9,27.6,53.8,47.5,60.1,59.9,37.1,43.2,52.8,49.5,41.0,77.1,43.5,31.9,48.8,115.1,29.6,55.4,35.9,59.4,69.9,48.9,47.627983,52.224773,40.064724
165,141,河北涿鹿龙眼葡萄栽培系统,河北省张家口市涿鹿县温泉屯镇,115.372,40.346,林业和林果系统,Forestry and forestry products system,FFPS,38.0,60.8,59.1,38.8,35.7,33.2,96.6,49.2,34.3,32.0,60.2,38.7,33.6,53.9,108.5,36.0,41.7,30.0,56.1,29.0,60.6,30.8,23.2,38.7,22.8,27.2,38.6,46.8,48.0,20.7,33.9,53.4,84.5,36.8,35.1,25.8,62.1,45.9,28.0,57.5,59.6,47.7,52.1,73.55265,72.156136,44.397907
166,142,河北泊头古桑林,河北省沧州市泊头市营子镇,116.445,38.159,林业和林果系统,Forestry and forestry products system,FFPS,71.5,58.9,33.5,140.0,145.0,42.1,44.2,70.8,65.7,65.1,56.2,54.5,65.2,61.9,58.5,63.6,61.0,53.3,98.6,40.4,76.0,55.8,35.2,124.0,35.2,70.2,44.9,39.8,59.9,42.6,82.4,59.6,55.4,78.3,39.6,72.0,66.8,38.7,75.9,60.6,69.2,100.1,60.6,74.48392,88.89878,57.693153
167,143,山西浑源恒山黄芪栽培系统,山西省大同市浑源县官儿乡大峪沟村,113.637,39.514,中药材花卉系统,Chinese medicinal herb and flower system,CMHFS,48.6,41.9,35.3,25.2,27.5,45.8,49.3,35.3,23.8,37.1,32.0,24.7,23.0,22.0,30.2,60.2,66.5,43.2,48.6,34.5,55.8,17.4,37.9,38.8,31.4,27.6,24.5,30.5,28.7,36.7,33.2,23.3,46.7,30.3,24.1,23.2,56.6,43.3,23.6,26.2,35.1,32.0,57.7,68.37779,56.598427,42.004925
168,144,山西长治党参栽培系统(长治市平顺县、壶关县),山西省长治市平顺县西沟乡石匣村,113.452,36.118,中药材花卉系统,Chinese medicinal herb and flower system,CMHFS,61.2,69.2,77.2,87.0,135.8,53.6,51.4,57.9,42.3,34.9,62.2,122.2,34.3,52.3,100.1,59.5,143.2,49.9,78.8,65.3,145.8,59.8,35.3,62.3,35.2,52.7,44.5,61.2,46.7,46.6,51.3,83.5,51.6,65.8,53.7,63.6,136.3,45.8,63.6,32.0,41.4,144.1,72.3,95.07683,29.051546,30.011713
168,145,山西长治党参栽培系统(长治市平顺县、壶关县),山西省长治市壶关县晋庄镇北庄村,113.37,36.028,中药材花卉系统,Chinese medicinal herb and flower system,CMHFS,56.4,56.7,63.1,78.5,115.7,52.3,48.7,54.0,41.7,24.3,53.1,83.2,31.8,53.7,82.7,51.6,126.5,39.4,80.2,60.9,126.6,61.7,31.6,60.2,30.2,51.6,39.3,46.6,36.6,41.8,53.2,72.8,56.5,46.4,45.5,55.9,131.5,43.3,65.5,29.2,41.0,104.3,62.7,71.636055,30.679914,30.700296
169,146,内蒙古库伦荞麦旱作系统,内蒙古自治区通辽市库伦旗扣河子镇平安村,121.26,42.612,旱作农业系统,Dryland farming system,DFS,26.5,36.9,22.9,31.4,132.9,74.8,50.7,33.6,23.2,33.5,50.5,63.7,31.3,29.7,60.2,68.3,45.7,114.5,57.8,31.0,32.6,55.2,52.2,76.7,43.9,49.0,76.7,94.0,97.2,33.2,56.5,34.7,54.2,46.6,39.5,30.2,61.9,48.4,57.7,51.7,37.0,78.0,104.9,70.186,41.256165,22.303387
170,147,辽宁西丰梅花鹿养殖系统,辽宁省铁岭市西丰县郜家店镇安乐村,124.454,42.712,畜牧水产系统,Livestock and aquaculture system,LAS,77.4,66.3,57.9,54.9,53.5,91.1,60.0,46.2,54.6,39.5,44.4,75.6,52.0,30.4,109.1,120.2,76.7,72.5,61.6,46.1,48.2,50.4,55.7,38.3,57.8,65.9,59.9,49.6,57.4,61.8,53.6,63.9,73.9,87.7,48.1,32.8,59.4,46.1,100.3,58.6,46.0,44.3,77.6,57.34244,76.35339,56.01546
171,148,吉林长白山人参栽培系统(通化市集安;白山市抚松县、延边朝鲜族自治州安图）,吉林省通化市集安市大路镇古马岭村,125.643,40.927,中药材花卉系统,Chinese medicinal herb and flower system,CMHFS,31.4,67.4,58.6,41.4,66.2,119.1,73.1,56.2,45.5,93.6,74.9,67.9,132.6,48.8,50.3,71.3,63.0,78.6,71.0,50.7,45.2,64.8,63.9,45.0,99.1,56.2,61.7,68.5,73.3,66.2,62.5,67.3,72.6,62.1,101.7,59.3,42.8,31.1,105.8,54.2,109.9,68.9,70.5,97.98569,107.32323,96.068596
171,149,吉林长白山人参栽培系统(通化市集安;白山市抚松县、延边朝鲜族自治州安图）,吉林省白山市抚松县万良镇小屯村,127.246,42.44,中药材花卉系统,Chinese medicinal herb and flower system,CMHFS,28.3,53.4,77.1,30.7,52.5,45.6,70.9,49.8,65.7,83.5,52.0,62.9,59.7,56.0,47.0,96.1,57.3,89.1,60.1,63.4,59.4,51.9,58.5,38.1,55.8,45.3,44.7,59.0,42.4,58.9,62.9,44.4,71.4,72.9,32.8,51.6,67.4,54.3,62.3,73.1,69.3,72.1,66.2,56.35059,56.185,75.02294
171,150,吉林长白山人参栽培系统(通化市集安;白山市抚松县、延边朝鲜族自治州安图）,吉林省延边朝鲜族自治州安图县两江镇白河村,128.054,42.576,中药材花卉系统,Chinese medicinal herb and flower system,CMHFS,33.6,48.0,75.7,35.3,28.3,29.5,52.5,49.0,53.0,91.5,52.3,64.5,59.7,26.8,116.0,102.8,36.9,49.8,50.5,45.2,60.5,61.1,43.6,38.3,55.4,36.7,44.3,51.3,39.3,35.6,61.2,20.8,69.7,73.8,58.9,52.5,72.1,60.9,62.8,64.1,59.6,47.8,60.9,45.701706,45.376194,48.08856
172,151,上海金山蟠桃栽培系统,上海市金山区吕巷镇,121.178,30.834,林业和林果系统,Forestry and forestry products system,FFPS,70.3,41.8,67.0,92.0,99.5,154.2,52.7,42.9,50.0,66.6,111.7,104.4,64.4,82.3,87.6,81.2,78.9,67.9,75.2,113.9,62.4,72.6,71.0,50.9,63.4,170.5,50.5,89.5,58.9,57.1,52.7,110.5,113.5,74.5,99.5,55.1,65.4,80.0,39.3,80.2,92.4,108.1,92.4,83.81369,83.30541,83.12922
173,152,江苏吴中传统水生蔬菜栽培系统,江苏省苏州市吴中区江湾村,120.75,31.238,蔬菜瓜果系统,Vegetable and fruit system,VFS,51.3,107.7,51.7,124.0,108.4,108.2,116.3,62.9,55.9,53.0,130.3,113.7,53.3,71.3,61.3,92.5,88.2,68.4,63.7,154.2,52.6,94.8,67.9,38.4,64.8,130.7,63.6,50.1,72.3,52.0,60.5,81.9,122.0,76.2,50.2,92.9,68.3,30.6,58.7,127.5,100.8,98.9,80.5,68.78054,83.466866,83.19774
174,153,江苏吴江基塘农业系统,江苏省苏州市吴江区黎里镇东秋村,120.868,31.033,复合农业生产系统,Comprehensive agricultural production system,CAPS,78.3,79.2,64.8,92.0,107.8,123.0,110.2,63.4,55.5,60.7,140.8,107.3,54.3,66.0,77.1,89.0,109.1,68.5,86.8,134.9,52.6,86.5,66.9,42.4,60.8,145.2,70.6,56.2,55.4,67.3,76.1,96.8,127.1,68.8,52.6,56.7,68.1,36.5,53.4,121.0,110.4,106.0,85.0,66.67917,85.0852,90.241875
175,154,浙江吴兴溇港圩田农业系统,浙江省湖州市吴兴区织里镇,120.265,30.865,土地利用系统,Land use system,LUS,74.1,106.9,73.6,99.0,134.0,79.1,94.0,67.9,56.0,70.8,143.2,118.9,57.8,81.9,89.1,85.1,107.7,67.2,78.1,147.8,65.5,91.8,59.9,43.7,65.6,112.2,62.8,84.3,62.5,68.4,86.7,107.9,139.1,58.3,63.0,43.4,82.3,54.8,39.1,99.2,79.7,106.2,63.2,82.704056,99.35325,112.71235
176,155,浙江东阳元胡水稻轮作系统,浙江省金华市东阳市横店,120.34,29.158,中药材花卉系统,Chinese medicinal herb and flower system,CMHFS,46.3,39.0,70.3,57.4,56.4,67.4,53.6,71.2,84.9,221.4,106.6,42.2,77.4,100.7,86.6,81.3,36.2,116.7,84.4,60.3,68.5,47.2,41.1,105.3,132.0,70.7,48.3,58.7,48.2,114.1,97.2,35.8,75.0,83.2,79.9,64.5,69.4,45.2,55.9,96.5,107.2,71.9,101.2,48.76004,71.262856,47.36555
177,156,浙江天台乌药林下栽培系统,浙江省台州市天台县三州乡下屋村,120.795,29.215,中药材花卉系统,Chinese medicinal herb and flower system,CMHFS,57.0,49.7,64.3,60.1,50.3,65.7,61.3,83.1,79.4,301.6,106.1,39.8,84.0,88.9,110.4,75.6,33.7,169.6,75.7,67.0,53.1,45.5,53.6,94.6,157.5,101.6,52.3,76.6,46.5,142.3,92.9,42.6,67.4,97.7,80.8,69.7,58.3,53.1,60.9,121.0,77.8,74.8,112.5,44.034527,63.575863,55.154995
178,157,安徽义安凤丹栽培系统,安徽省铜陵市义安区凤凰山村,118.023,30.875,中药材花卉系统,Chinese medicinal herb and flower system,CMHFS,74.9,92.7,101.8,102.8,116.3,73.3,92.8,70.6,70.5,100.0,115.8,99.1,67.1,87.7,75.7,99.6,71.0,48.9,131.3,138.5,89.3,103.4,74.7,49.6,62.6,52.7,69.0,115.1,70.7,64.0,126.0,144.1,112.8,149.6,52.6,75.0,93.4,34.6,61.7,75.6,127.1,51.8,68.0,38.662525,80.44063,73.08296
179,158,安徽青阳九华黄精栽培系统,安徽省池州市青阳县庙前镇玉屏村,117.732,30.571,中药材花卉系统,Chinese medicinal herb and flower system,CMHFS,77.9,81.6,76.4,101.9,110.9,93.0,92.3,65.7,56.7,98.0,136.4,107.4,85.1,104.5,109.2,112.5,75.8,60.7,170.8,143.5,65.7,72.9,78.9,99.9,72.8,62.5,64.6,92.2,92.2,58.7,139.3,180.1,77.7,140.5,81.9,63.7,81.8,51.6,53.4,94.5,110.1,95.9,60.6,51.33777,72.21916,86.80073
180,159,安徽歙县梯地茶园系统,安徽省黄山市歙县街源蜈蚣岭村,118.615,29.738,茶文化系统,Tea culture system,TCS,73.1,60.9,82.3,106.1,101.5,86.1,58.0,59.9,78.6,116.2,142.0,49.6,96.0,111.0,127.2,117.2,72.4,134.9,112.6,121.0,49.8,40.3,84.8,62.1,115.4,68.6,68.5,77.2,57.8,152.0,67.4,72.8,88.6,104.2,62.4,71.7,71.4,106.8,43.9,63.5,187.7,96.9,59.5,77.50084,101.874016,65.745605
181,160,福建长乐番薯种植系统,福建省福州市长乐区文岭镇,119.651,25.997,蔬菜瓜果系统,Vegetable and fruit system,VFS,62.6,65.3,97.9,96.6,96.4,212.7,67.3,76.5,65.5,87.1,143.2,54.7,112.5,56.0,111.2,67.6,106.1,110.2,67.6,86.9,97.9,95.6,96.1,44.1,113.5,146.5,109.8,129.6,80.5,148.0,84.2,92.6,103.5,81.7,216.5,214.4,116.8,120.3,96.3,78.6,72.6,228.8,120.7,187.26062,127.715836,98.2957
182,161,福建武夷岩茶文化系统,福建省南平市武夷山市武夷山,118.03,27.76,茶文化系统,Tea culture system,TCS,79.9,58.8,71.1,84.3,83.4,83.9,72.4,59.6,92.3,55.0,64.7,86.1,141.5,63.8,104.7,90.1,86.8,126.2,110.5,102.5,116.0,76.0,142.0,118.5,65.5,123.2,65.6,56.9,71.0,83.5,98.2,46.0,87.0,67.4,73.7,78.9,69.0,71.1,77.2,87.7,76.6,86.3,66.5,65.51436,110.408134,70.73848
183,162,江西湖口大豆栽培系统,江西省九江市湖口县流芳乡,116.267,29.543,蔬菜瓜果系统,Vegetable and fruit system,VFS,58.9,96.1,74.0,101.2,136.0,66.3,67.1,70.4,84.6,88.8,128.1,88.0,103.4,136.7,98.7,82.4,64.5,98.4,120.7,113.7,76.7,84.5,80.8,186.4,56.8,91.5,60.0,49.7,71.8,65.8,110.0,78.2,142.4,88.2,79.2,68.1,87.1,150.1,89.5,121.2,64.6,63.1,74.1,74.30741,75.816986,84.496346
184,163,山东昌邑山阳大梨栽培系统,山东省潍坊市昌邑市饮马镇山阳村,119.391,36.663,林业和林果系统,Forestry and forestry products system,FFPS,53.6,52.9,51.5,67.3,49.9,103.2,59.5,66.7,43.2,58.0,65.9,168.9,77.6,83.8,68.1,77.2,42.1,121.1,58.2,58.4,35.4,84.1,40.0,87.8,66.8,81.6,32.9,101.7,122.6,57.7,57.8,74.1,60.9,56.0,44.8,46.2,36.0,50.7,67.8,82.4,60.4,60.6,71.0,62.785233,77.39736,90.42792
185,164,山东平邑金银花—山楂复合系统,山东临沂市平邑县郑城镇,117.659,35.266,复合农业生产系统,Comprehensive agricultural production system,CAPS,60.1,48.4,41.6,81.5,131.9,49.2,56.0,87.0,49.1,58.7,123.8,47.8,55.7,82.3,55.5,114.1,59.3,111.3,103.4,91.2,65.7,45.3,59.5,103.3,63.4,101.8,59.4,86.7,85.5,59.1,89.7,90.1,59.8,97.0,51.1,47.8,101.9,52.7,74.9,58.2,116.9,86.8,85.8,60.59374,116.393005,64.40308
186,165,山东临清黄河故道古桑树群,山东聊城市临清市新华路街道郭堤村,115.765,36.867,林业和林果系统,Forestry and forestry products system,FFPS,68.3,77.0,33.3,60.8,120.3,64.3,63.4,63.2,56.3,41.6,97.2,61.0,50.1,142.3,71.9,50.3,52.3,60.7,43.6,52.0,101.4,68.0,36.7,90.8,69.9,69.5,74.2,70.2,62.4,83.9,51.4,39.5,43.6,33.6,68.1,21.8,102.2,31.2,59.2,53.7,64.9,80.0,103.1,42.785965,110.363884,39.408447
187,166,河南宁陵黄河故道古梨园,河南省商丘市宁陵县石桥镇,115.311,34.505,林业和林果系统,Forestry and forestry products system,FFPS,77.7,49.9,133.6,69.6,94.9,78.3,40.4,55.2,52.0,169.6,54.8,70.1,46.2,53.3,99.1,68.8,69.8,47.1,101.3,69.8,107.8,44.4,65.5,69.0,113.9,101.6,60.3,83.7,97.3,60.1,91.8,35.9,99.1,71.1,29.0,42.8,152.8,75.2,108.6,33.2,66.5,152.0,119.9,63.415348,92.38003,47.853436
188,167,河南林州太行菊栽培系统,河南省安阳市林州市茶店镇,113.819,35.831,中药材花卉系统,Chinese medicinal herb and flower system,CMHFS,50.7,73.7,104.4,99.9,173.5,56.3,56.4,42.4,34.2,22.6,54.4,74.1,46.3,73.6,98.4,62.2,164.6,36.3,84.1,61.4,142.4,59.0,33.8,80.4,30.2,67.7,46.1,73.3,50.3,58.0,60.6,54.7,30.5,47.4,56.0,80.9,181.9,36.7,80.7,34.3,39.1,160.0,53.5,123.98218,32.747955,36.117897
189,168,湖北秭归柑橘栽培系统,湖北省宜昌市秭归县郭家坝镇,110.751,30.955,林业和林果系统,Forestry and forestry products system,FFPS,54.8,57.7,113.4,80.4,55.4,47.5,104.0,77.0,43.3,126.6,72.0,73.7,63.8,60.7,69.6,112.5,122.6,138.0,78.4,69.6,66.9,92.4,49.8,110.2,85.8,50.7,60.8,149.0,83.4,65.4,81.2,71.9,44.9,62.4,47.4,55.2,86.1,82.5,60.5,37.4,74.9,48.3,74.2,83.98252,36.883953,105.29459
190,169,湖北京山稻作文化系统,湖北省荆门市京山市孙桥镇,113.015,31.088,稻作农业系统,Rice farming system,RFS,71.4,55.3,91.7,174.3,62.6,57.6,99.9,86.3,64.1,83.7,159.2,174.7,95.9,66.4,77.8,61.1,124.2,77.6,74.9,90.4,87.8,97.1,121.7,62.8,92.6,83.3,42.3,93.4,72.4,60.3,65.8,111.8,66.8,112.1,108.0,150.5,95.2,56.8,66.9,74.4,114.3,73.5,76.5,76.100525,75.24322,81.62547
191,170,湖北咸宁古桂花树群,湖北省咸宁市咸安区桂花镇柏墩村,114.345,29.72,林业和林果系统,Forestry and forestry products system,FFPS,68.4,91.8,65.8,81.5,56.4,119.3,77.1,48.7,99.2,59.2,92.3,146.6,66.9,72.0,69.5,229.6,92.3,93.1,82.8,71.8,43.2,48.7,69.8,205.7,61.7,86.2,46.6,38.2,59.1,57.6,63.5,68.4,52.8,72.7,60.0,93.3,175.7,136.2,104.8,61.7,74.5,55.6,75.0,70.49099,103.27326,76.62016
192,171,湖南洪江山地香稻栽培文化系统,湖南省怀化市洪江市深渡苗族乡,110.088,27.132,稻作农业系统,Rice farming system,RFS,83.7,78.8,77.3,54.5,66.8,49.2,69.6,58.0,49.4,60.5,103.4,75.6,67.4,63.4,73.2,49.9,96.1,52.5,106.0,73.3,50.9,67.3,104.0,69.9,110.0,37.1,43.2,48.0,59.6,69.0,45.0,54.6,81.8,54.2,85.6,54.2,104.8,57.5,36.6,97.2,67.5,62.8,49.7,49.1242,68.02537,65.3204
193,172,广东增城丝苗米文化系统,广东省广州市增城区朱村街,113.697,23.277,稻作农业系统,Rice farming system,RFS,65.9,63.0,78.0,85.3,67.7,66.6,68.5,81.8,69.2,89.6,76.6,63.7,65.9,90.4,70.6,100.0,120.1,97.5,65.6,174.8,59.4,94.8,46.4,61.9,64.0,82.7,125.0,85.7,319.6,59.4,77.4,100.6,76.3,106.7,91.0,91.1,80.6,44.4,89.6,71.3,81.3,89.1,85.3,86.53738,93.80006,80.408714
194,173,广东南雄水旱轮作系统,广东省韶关市南雄市珠玑镇,114.356,25.196,复合农业生产系统,Comprehensive agricultural production system,CAPS,95.8,100.5,78.1,142.9,139.3,65.3,85.8,81.5,76.6,54.9,80.5,90.0,64.8,104.5,111.8,57.0,119.2,59.2,51.6,102.3,79.5,52.0,77.2,50.7,99.0,111.4,122.5,105.6,106.2,53.0,71.1,77.9,57.8,58.1,40.9,62.9,74.2,41.2,58.9,61.8,37.1,39.9,78.9,68.43898,78.98121,58.840622
195,174,广东饶平单丛茶文化系统,广东省潮州市潮安区凤凰镇,116.698,23.906,茶文化系统,Tea culture system,TCS,76.8,82.3,93.7,100.0,58.5,157.9,225.3,99.4,86.4,59.8,237.6,88.0,93.1,132.7,107.6,85.6,80.1,130.3,72.2,58.2,120.8,98.5,47.7,101.0,50.1,117.9,130.4,68.9,69.4,59.6,102.4,83.4,56.2,93.7,58.4,78.8,58.8,95.1,55.2,43.5,79.0,68.2,94.6,65.59626,85.648926,110.53281
196,175,广西永福罗汉果栽培系统,广西桂林市永福县龙江乡,109.828,25.247,中药材花卉系统,Chinese medicinal herb and flower system,CMHFS,103.1,112.9,86.1,107.4,66.7,90.0,207.7,116.8,87.5,69.8,147.6,95.6,117.4,126.7,208.6,108.6,126.1,71.6,177.1,106.9,97.3,66.5,93.9,88.7,66.4,94.5,135.4,51.7,135.7,83.2,66.7,77.4,64.3,84.7,97.3,129.3,106.4,55.1,52.2,86.4,66.7,57.3,85.5,93.68471,84.25345,53.21687
197,176,广西苍梧六堡茶文化系统,广西梧州市苍梧县六堡镇,111.376,23.815,茶文化系统,Tea culture system,TCS,141.7,103.7,88.1,106.0,68.9,97.1,70.1,60.1,130.0,90.7,167.1,53.0,93.4,70.9,90.9,128.5,75.6,63.7,107.5,76.9,72.7,106.3,92.0,47.9,55.1,132.4,89.2,58.3,72.5,55.6,76.0,61.1,77.0,95.6,111.0,134.7,120.5,76.0,65.9,112.6,54.9,51.5,107.5,51.66411,95.64054,81.36654
198,177,海南白沙黎族山兰稻作文化系统,海南省白沙县青松乡拥处村,109.294,19.165,稻作农业系统,Rice farming system,RFS,200.0,98.0,68.1,289.9,42.9,92.1,79.6,58.4,111.7,135.2,170.6,124.9,140.7,49.9,89.8,129.5,271.0,87.2,72.4,47.9,98.5,116.9,105.5,141.1,211.8,134.4,65.5,116.3,74.9,132.5,106.8,298.4,81.2,196.0,165.6,133.7,222.1,41.8,68.3,85.0,54.6,105.5,98.1,112.75793,219.0069,89.2907
199,178,重庆江津花椒栽培系统,重庆江津区先锋镇,106.299,29.214,林业和林果系统,Forestry and forestry products system,FFPS,31.3,35.5,68.7,72.2,130.5,43.8,62.5,51.0,46.1,35.1,55.9,39.9,57.8,54.1,48.5,71.3,53.8,100.2,66.7,93.4,39.5,42.2,43.9,32.3,98.0,41.7,49.4,51.6,34.4,84.8,114.9,34.0,45.1,64.2,44.4,75.7,78.4,41.0,48.9,27.9,37.4,49.2,56.7,72.569016,50.2823,41.95301
200,179,重庆荣昌猪养殖系统,重庆荣昌区广顺街道,105.52,29.372,畜牧水产系统,Livestock and aquaculture system,LAS,56.4,48.7,49.7,65.0,59.7,64.1,84.2,99.1,75.6,62.5,48.8,71.0,34.6,41.3,50.7,36.0,59.8,38.7,73.1,54.5,46.9,56.9,43.0,49.7,52.3,56.3,39.0,50.3,77.0,57.4,72.3,54.2,43.8,62.9,62.9,52.9,54.7,81.4,50.9,42.8,58.8,48.1,49.1,45.038013,74.00944,61.070423
201,180,四川北川苔子茶复合栽培系统,四川绵阳市北川县坝底乡茶马村,104.154,31.849,复合农业生产系统,Comprehensive agricultural production system,CAPS,89.5,107.2,75.1,84.1,55.4,58.2,50.4,108.4,81.1,41.5,101.9,65.2,100.9,79.9,41.1,82.1,123.8,109.6,215.0,47.7,106.0,105.8,44.7,126.9,49.3,55.0,40.9,106.7,116.1,103.2,64.2,60.8,122.1,94.5,174.3,54.5,58.9,114.3,124.2,70.3,147.4,109.7,56.2,38.278713,132.80241,76.2275
202,181,四川高坪蚕桑文化系统,四川省南充市高坪区会龙镇硝厂村,106.348,30.853,蚕桑系统,Silkworm system,SS,90.7,83.9,67.1,57.7,72.1,60.8,59.7,68.2,57.5,60.3,106.4,66.3,71.0,96.2,101.5,75.8,73.6,56.0,70.8,109.1,89.4,40.8,73.9,78.8,60.9,51.9,42.5,57.5,77.2,58.6,77.0,60.9,96.7,56.0,45.9,112.5,64.9,39.4,63.8,66.6,55.5,63.3,84.2,69.83826,45.519592,85.07678
203,182,四川筠连山地茶文化系统,四川省宜宾市筠连县巡司镇银星村,104.545,28.08,茶文化系统,Tea culture system,TCS,101.8,61.1,69.2,76.7,76.6,74.9,56.5,49.4,84.6,96.2,44.8,131.2,106.7,48.3,63.5,52.1,86.0,56.1,71.0,58.5,48.8,65.3,48.1,24.9,37.7,45.9,69.4,92.1,97.7,58.0,53.4,64.1,85.4,79.1,58.7,50.1,83.0,86.4,42.3,31.8,59.1,41.3,52.9,54.596394,78.626785,78.50609
204,183,贵州兴仁薏仁米栽培系统,贵州省黔西南州兴仁市下山镇,105.212,25.591,蔬菜瓜果系统,Vegetable and fruit system,VFS,48.4,40.7,92.1,91.3,49.6,32.6,57.9,47.7,39.2,39.7,73.6,49.1,91.5,60.9,65.3,57.0,70.5,72.3,44.0,54.1,39.1,126.4,63.7,55.1,94.9,80.2,49.3,75.4,61.2,41.2,44.6,43.3,44.5,55.2,126.8,92.2,35.4,58.9,72.9,78.2,58.1,35.9,55.7,41.72453,63.11149,51.52874
205,184,西藏芒康葡萄栽培系统,西藏自治区昌都市芒康县纳西民族乡,98.605,29.035,林业和林果系统,Forestry and forestry products system,FFPS,46.3,22.3,28.1,18.8,27.2,23.3,28.0,40.9,26.5,45.5,35.5,33.8,23.6,23.6,28.5,23.0,20.0,32.5,29.5,24.6,29.3,19.3,26.0,26.3,31.9,21.0,24.2,45.9,33.0,22.3,34.9,22.7,15.8,25.4,29.0,22.1,20.5,22.2,18.7,23.7,36.1,26.2,28.4,23.632168,19.858732,33.37013
206,185,西藏工布江达藏猪养殖系统,西藏自治区林芝市工布江达县朱拉乡柳四朗村,93.477,30.243,畜牧水产系统,Livestock and aquaculture system,LAS,27.1,22.8,25.6,20.8,30.4,30.5,18.0,20.5,24.5,20.6,24.9,26.7,25.3,20.5,18.5,19.7,22.8,18.3,28.7,25.2,22.7,16.9,25.5,20.5,21.7,23.6,26.6,19.0,25.2,18.8,26.0,21.5,16.8,23.0,25.7,17.3,22.9,18.7,22.6,25.9,22.3,26.7,29.6,26.690722,22.739172,18.638718
207,186,陕西府谷海红果栽培系统,陕西省榆林市府谷县古城镇沙坪村,111.056,39.46,林业和林果系统,Forestry and forestry products system,FFPS,22.7,39.7,60.1,30.5,36.1,40.8,47.3,76.8,35.0,31.4,36.1,48.4,50.6,22.6,52.8,69.5,50.0,26.4,49.9,31.0,30.9,80.3,40.5,37.4,49.3,43.6,26.4,64.7,48.6,50.6,34.1,39.6,84.6,38.1,26.9,31.6,37.6,53.1,72.7,38.0,28.0,28.7,100.9,38.362534,50.525776,56.957783
208,187,青海三江源曲麻莱高寒游牧系统,青海省玉树藏族自治州曲麻莱县曲麻河乡措池村,94.945,34.849,畜牧水产系统,Livestock and aquaculture system,LAS,18.3,11.7,12.7,13.8,12.5,14.6,28.9,14.1,21.8,21.5,14.3,14.6,19.6,15.6,18.4,17.8,17.9,39.9,17.3,12.6,16.5,13.5,21.5,11.1,13.6,23.5,12.1,23.7,12.7,18.6,16.0,17.5,10.9,14.5,15.9,18.3,14.0,15.5,13.7,13.8,13.2,14.3,12.9,21.694704,15.725449,13.969067
209,188,宁夏平原引黄灌溉农业系统,宁夏吴忠市青铜峡市大坝镇韦桥村,105.999,37.954,水利灌溉系统,Water irrigation system,WIS,12.6,59.2,14.3,34.0,30.1,41.2,17.4,47.8,28.6,20.8,14.8,22.2,27.4,34.6,34.1,45.0,60.1,25.8,48.6,19.1,13.0,34.0,40.2,30.0,24.5,29.6,15.2,28.4,19.2,15.2,20.0,20.2,24.8,17.5,23.4,19.9,19.8,27.5,59.9,69.4,23.6,17.6,25.6,13.150779,30.894428,30.615843
210,189,新疆叶城核桃栽培系统,新疆喀什地区叶城县河园镇,77.291,37.838,林业和林果系统,Forestry and forestry products system,FFPS,12.5,11.8,36.9,14.6,8.9,7.7,12.4,10.9,11.8,32.7,19.3,6.5,19.2,11.5,10.8,15.4,15.3,10.9,17.4,12.4,8.4,23.1,28.5,16.7,14.8,16.1,13.5,5.7,9.6,8.6,17.2,34.4,10.5,26.0,7.9,22.2,29.8,11.5,30.8,9.8,14.7,26.2,6.3,12.290298,11.796343,5.8968515
211,190,新疆昭苏草原马牧养系统,新疆维吾尔自治区伊犁哈萨克自治州昭苏县昭苏马场,81.001,43.098,畜牧水产系统,Livestock and aquaculture system,LAS,19.7,24.1,30.3,21.7,21.5,20.5,20.6,26.4,26.9,14.6,22.7,22.2,18.6,22.3,21.3,26.6,28.3,23.4,21.3,28.8,19.9,22.2,39.7,22.1,24.5,19.6,18.4,22.6,19.0,20.6,17.5,27.6,18.3,16.5,19.2,25.8,24.2,22.3,19.4,21.5,19.4,20.0,23.8,23.834917,22.076675,20.192638
